block_type	cat	stim	trial_type	response	rt	id	modality	label	fb_response	fb_rt	fb_id	block	trial	attempt	time_start	time_fix	time_stimulus_show	time_response	time_extend_incorrect	time_log	sn	logger_sn	logger_time	participation_id	UserID	RunID	rel_time
practice	practice	practice	nogo	1	null	NA	NA	NA	NA	NA	NA	0	0	0	28538.295	29187.48	30153.375	31152.315	NA	32151.365	NA	0	32151.7	6594322	115257	6594325	0
practice	practice	practice	nogo	1	null	NA	NA	NA	NA	NA	NA	0	1	0	32154.19	32700.845	33283.7	34282.815	NA	35281.99	NA	1	35282.115	6594322	115257	6594326	3130.415
practice	practice	practice	nogo	1	null	NA	NA	NA	NA	NA	NA	0	2	0	35284.485	36047.975	36947.13	37946.32	NA	38945.39	NA	2	38945.5	6594322	115257	6594327	6793.8
practice	practice	practice	go	1	846.825	32	keydown	go_down	NA	NA	NA	0	3	0	38946.795	39694.685	40327.525	41190.97	NA	41253.125	NA	3	41253.24	6594322	115257	6594327	9101.54
practice	practice	practice	go	1	470.575	32	keydown	go_down	NA	NA	NA	0	4	0	41254.42	42109.33	42908.855	43396.31	NA	43481.04	NA	4	43481.14	6594322	115257	6594328	11329.44
practice	practice	practice	go	1	452.15	32	keydown	go_down	NA	NA	NA	0	5	0	43482.47	44324.095	45156.53	45625.32	NA	45685.155	NA	5	45685.225	6594322	115257	6594328	13533.525
practice	practice	practice	nogo	1	null	NA	NA	NA	NA	NA	NA	0	6	0	45686.42	46522.145	47354.59	48353.915	NA	49353.055	NA	6	49353.145	6594322	115257	6594329	17201.445
practice	practice	practice	go	1	385.955	32	keydown	go_down	NA	NA	NA	0	7	0	49354.89	50102.37	50618.56	51021.16	NA	51096.885	NA	7	51096.955	6594322	115257	6594330	18945.255
practice	practice	practice	nogo	1	null	NA	NA	NA	NA	NA	NA	0	8	0	51098.205	51867.47	52533.59	53532.665	NA	54531.845	NA	8	54531.945	6594322	115257	6594330	22380.245
practice	practice	practice	go	1	345.36	32	keydown	go_down	NA	NA	NA	0	9	0	54533.535	55098.05	55647.49	56009.465	NA	56065.245	NA	9	56065.33	6594322	115257	6594331	23913.63
train	test	nanjing_a_2_test	go	1	798.935	32	keydown	go_down	NA	NA	NA	1	0	0	68469.83	69418.84	70384.635	71311.785	NA	71378.75	NA	10	71378.815	6594322	115257	6594333	39227.115
train	test	nanjing_a_5_test	go	1	788.055	32	keydown	go_down	NA	NA	NA	1	1	0	71380.265	72016.575	72682.74	73581.65	NA	73646.84	NA	11	73646.925	6594322	115257	6594333	41495.225
train	control	hongshuangxi_p_2_control	go	1	956.945	32	keydown	go_down	NA	NA	NA	1	2	0	73648.59	74547.7	75346.745	76421.08	NA	76489.33	NA	12	76489.405	6594322	115257	6594334	44337.705
train	test	hongshuangxi_p_9_test	go	1	662.675	32	keydown	go_down	NA	NA	NA	1	3	0	76490.755	77361.88	77994.84	78766.225	NA	78825.71	NA	13	78825.795	6594322	115257	6594334	46674.095
train	control	zhonghua_a_5_control	nogo	1	null	NA	NA	NA	NA	NA	NA	1	4	0	78827.185	79410.11	80375.885	81474.915	NA	82474.05	NA	14	82474.135	6594322	115257	6594335	50322.435
train	test	hongshuangxi_p_9_test	nogo	1	null	NA	NA	NA	NA	NA	NA	1	5	0	82475.415	83273.31	84239.375	85238.305	NA	86237.495	NA	15	86237.58	6594322	115257	6594336	54085.88
train	control	liqun_a_3_control	go	1	527.735	32	keydown	go_down	NA	NA	NA	1	6	0	86238.71	87136.715	88052.5	88690.26	NA	88750.515	NA	16	88750.585	6594322	115257	6594337	56598.885
train	test	hongshuangxi_p_9_test	go	2	null	NA	NA	NA	NA	NA	NA	1	7	0	88752.455	89301.48	90284.405	91283.02	NA	92382.2	NA	17	92382.28	6594322	115257	6594338	60230.58
train	test	hongshuangxi_p_9_test	go	1	375.015	32	keydown	go_down	NA	NA	NA	1	7	1	92382.295	92948.24	93697.665	94089.36	NA	94165.215	NA	18	94165.3	6594322	115257	6594338	62013.6
train	control	nanjing_p_3_control	nogo	1	null	NA	NA	NA	NA	NA	NA	1	8	0	94166.515	94929.865	95828.645	96928.065	NA	97927.21	NA	19	97927.325	6594322	115257	6594339	65775.625
train	test	liqun_a_3_test	nogo	1	null	NA	NA	NA	NA	NA	NA	1	9	0	97928.68	98793.05	99675.755	100791.375	NA	101790.48	NA	20	101790.57	6594322	115257	6594340	69638.87
train	test	nobrand_p_8_test	nogo	1	null	NA	NA	NA	NA	NA	NA	1	10	0	101792.425	102439.885	102989.55	104088.575	NA	105087.645	NA	21	105087.73	6594322	115257	6594341	72936.03
train	control	hongshuangxi_p_9_control	go	1	716.275	32	keydown	go_down	NA	NA	NA	1	11	0	105089.045	105737.02	106619.705	107460.565	NA	107524.265	NA	22	107524.335	6594322	115257	6594342	75372.635
train	control	hongshuangxi_p_2_control	go	1	608.755	32	keydown	go_down	NA	NA	NA	1	12	0	107526.01	108484.73	109050.98	109676.42	NA	109725.085	NA	23	109725.19	6594322	115257	6594342	77573.49
train	test	nanjing_a_5_test	nogo	1	null	NA	NA	NA	NA	NA	NA	1	13	0	109726.475	110482.955	111249.135	112364.75	NA	113363.72	NA	24	113363.81	6594322	115257	6594343	81212.11
train	control	hongshuangxi_p_9_control	nogo	1	null	NA	NA	NA	NA	NA	NA	1	14	0	113365.035	113896.595	114512.765	115511.88	NA	116511.435	NA	25	116511.52	6594322	115257	6594344	84359.82
train	test	hongshuangxi_p_2_test	go	1	527.32	32	keydown	go_down	NA	NA	NA	1	15	0	116512.775	117193.965	118176.205	118807.455	NA	118900.63	NA	26	118900.71	6594322	115257	6594344	86749.01
train	test	nanjing_a_2_test	nogo	1	null	NA	NA	NA	NA	NA	NA	1	16	0	118902.12	119774.87	120574.14	121673.155	NA	122672.33	NA	27	122672.42	6594322	115257	6594345	90520.72
train	test	nobrand_a_1_test	nogo	2	473.67	32	keydown	go_down	NA	NA	NA	1	17	0	122674.15	123621.51	124254.26	124878.7	NA	125952.98	NA	28	125953.115	6594322	115257	6594346	93801.415
train	test	nobrand_a_1_test	nogo	1	null	NA	NA	NA	NA	NA	NA	1	17	1	125953.125	126601.42	127218.34	128217.52	NA	129216.57	NA	29	129216.655	6594322	115257	6594347	97064.955
train	test	nanjing_a_2_test	go	1	623.85	32	keydown	go_down	NA	NA	NA	1	18	0	129218.245	130032.51	130731.93	131372.465	NA	131448.655	NA	30	131448.735	6594322	115257	6594348	99297.035
train	control	zhonghua_a_5_control	nogo	1	null	NA	NA	NA	NA	NA	NA	1	19	0	131450.67	132463.755	133229.985	134228.88	NA	135228.045	NA	31	135228.125	6594322	115257	6594349	103076.425
train	test	zhonghua_a_5_test	go	2	null	NA	NA	NA	NA	NA	NA	1	20	0	135229.225	136177.21	136843.245	137942.335	NA	138958.03	NA	32	138958.12	6594322	115257	6594350	106806.42
train	test	zhonghua_a_5_test	go	2	null	NA	NA	NA	NA	NA	NA	1	20	1	138958.125	139624.21	140390.15	141389.35	NA	142405.06	NA	33	142405.145	6594322	115257	6594350	110253.445
train	test	zhonghua_a_5_test	go	1	418.975	32	keydown	go_down	NA	NA	NA	1	20	2	142405.15	143087.85	143987	144422.625	NA	144494.87	NA	34	144494.945	6594322	115257	6594351	112343.245
train	control	nobrand_p_8_control	go	1	782.935	32	keydown	go_down	NA	NA	NA	1	21	0	144496.43	145169.365	145768.395	146683.265	NA	146748.34	NA	35	146748.415	6594322	115257	6594351	114596.715
train	control	nobrand_p_8_control	nogo	1	null	NA	NA	NA	NA	NA	NA	1	22	0	146750.055	147633.88	148233.495	149232.435	NA	150231.565	NA	36	150231.65	6594322	115257	6594352	118079.95
train	test	nobrand_a_1_test	go	1	695.535	32	keydown	go_down	NA	NA	NA	1	23	0	150232.85	150980.835	151480.505	152192.675	NA	152246.855	NA	37	152246.98	6594322	115257	6594353	120095.28
train	control	liqun_a_3_control	go	1	586.8	32	keydown	go_down	NA	NA	NA	1	24	0	152248.14	153045.79	153745.185	154450.735	NA	154506.215	NA	38	154506.29	6594322	115257	6594353	122354.59
train	test	nanjing_a_5_test	nogo	1	null	NA	NA	NA	NA	NA	NA	1	25	0	154507.425	155110.675	156042.665	157042.34	NA	158041.41	NA	39	158041.5	6594322	115257	6594354	125889.8
train	control	zhonghua_p_8_control	go	1	481.175	32	keydown	go_down	NA	NA	NA	1	26	0	158042.85	158890.6	159590.06	160181.245	NA	160261.83	NA	40	160261.9	6594322	115257	6594355	128110.2
train	test	nanjing_a_2_test	nogo	2	440.67	32	keydown	go_down	NA	NA	NA	1	27	0	160263.455	160872.325	161504.75	161962.08	NA	162970.485	NA	41	162970.57	6594322	115257	6594356	130818.87
train	test	nanjing_a_2_test	nogo	1	null	NA	NA	NA	NA	NA	NA	1	27	1	162970.58	163836.25	164702.48	165701.395	NA	166700.525	NA	42	166700.61	6594322	115257	6594356	134548.91
train	control	hongshuangxi_p_2_control	nogo	1	null	NA	NA	NA	NA	NA	NA	1	28	0	166701.795	167699.595	168232.505	169231.625	NA	170230.775	NA	43	170230.86	6594322	115257	6594357	138079.16
train	test	hongshuangxi_p_2_test	go	1	506.58	32	keydown	go_down	NA	NA	NA	1	29	0	170232.05	170730.3	171463.01	171986.24	NA	172050	NA	44	172050.07	6594322	115257	6594358	139898.37
train	test	nanjing_a_5_test	go	1	674.65	32	keydown	go_down	NA	NA	NA	1	30	0	172051.585	172745.245	173378.03	174069.33	NA	174135.755	NA	45	174135.825	6594322	115257	6594358	141984.125
train	test	zhonghua_a_5_test	go	1	516.515	32	keydown	go_down	NA	NA	NA	1	31	0	174136.905	175143.195	175809.09	176342.56	NA	176403.45	NA	46	176403.53	6594322	115257	6594359	144251.83
train	control	hongshuangxi_p_9_control	go	1	565.02	32	keydown	go_down	NA	NA	NA	1	32	0	176405.66	177108.12	177674.265	178353.19	NA	178416.615	NA	47	178416.7	6594322	115257	6594359	146265
train	control	nanjing_a_2_control	nogo	1	null	NA	NA	NA	NA	NA	NA	1	33	0	178417.995	179039.815	179705.885	180804.85	NA	181804.055	NA	48	181804.185	6594322	115257	6594360	149652.485
train	control	nanjing_a_5_control	nogo	1	null	NA	NA	NA	NA	NA	NA	1	34	0	181805.405	182619.91	183485.985	184601.52	NA	185600.655	NA	49	185600.735	6594322	115257	6594361	153449.035
train	test	nanjing_p_3_test	go	1	530.62	32	keydown	go_down	NA	NA	NA	1	35	0	185601.91	186250.055	187099.41	187758.19	NA	187809.58	NA	50	187809.65	6594322	115257	6594362	155657.95
train	test	nanjing_a_5_test	nogo	1	null	NA	NA	NA	NA	NA	NA	1	36	0	187810.825	188348.33	188930.675	189930.29	NA	190929.32	NA	51	190929.41	6594322	115257	6594362	158777.71
train	test	nanjing_p_3_test	go	1	493.695	32	keydown	go_down	NA	NA	NA	1	37	0	190930.73	191745.25	192428.115	192938.4	NA	193001.065	NA	52	193001.14	6594322	115257	6594363	160849.44
train	control	hongshuangxi_p_2_control	nogo	1	null	NA	NA	NA	NA	NA	NA	1	38	0	193003.14	193810.195	194326.74	195325.53	NA	196324.64	NA	53	196324.72	6594322	115257	6594364	164173.02
train	control	nanjing_a_2_control	go	1	539.225	32	keydown	go_down	NA	NA	NA	1	39	0	196325.865	197173.83	197973.245	198529.125	NA	198578.47	NA	54	198578.54	6594322	115257	6594364	166426.84
train	control	nanjing_a_5_control	nogo	1	null	NA	NA	NA	NA	NA	NA	1	40	0	198579.665	199505.19	200038	201037.245	NA	202036.375	NA	55	202036.485	6594322	115257	6594365	169884.785
train	control	nanjing_a_2_control	go	1	505.035	32	keydown	go_down	NA	NA	NA	1	41	0	202037.685	202552.605	203318.535	203840.215	NA	203898.195	NA	56	203898.27	6594322	115257	6594366	171746.57
train	test	nobrand_a_1_test	nogo	1	null	NA	NA	NA	NA	NA	NA	1	42	0	203899.455	204717.37	205599.345	206599.06	NA	207598.14	NA	57	207598.225	6594322	115257	6594367	175446.525
train	control	nobrand_p_8_control	go	1	442.94	32	keydown	go_down	NA	NA	NA	1	43	0	207600.155	208497.285	209263.345	209722.95	NA	209798.12	NA	58	209798.195	6594322	115257	6594367	177646.495
train	test	nanjing_a_2_test	nogo	1	null	NA	NA	NA	NA	NA	NA	1	44	0	209799.36	210495.62	211278.425	212277.38	NA	213276.57	NA	59	213277.025	6594322	115257	6594368	181125.325
train	test	zhonghua_a_5_test	nogo	1	null	NA	NA	NA	NA	NA	NA	1	45	0	213278.38	214059.21	215008.515	216007.435	NA	217006.8	NA	60	217006.89	6594322	115257	6594369	184855.19
train	control	nobrand_a_1_control	go	1	648.295	32	keydown	go_down	NA	NA	NA	1	46	0	217008.18	217589.35	218471.945	219235.74	NA	219297.915	NA	61	219298	6594322	115257	6594370	187146.3
train	control	hongshuangxi_p_9_control	nogo	1	null	NA	NA	NA	NA	NA	NA	1	47	0	219299.285	220020.665	220536.915	221535.945	NA	222535.145	NA	62	222535.23	6594322	115257	6594370	190383.53
train	test	zhonghua_a_5_test	nogo	1	null	NA	NA	NA	NA	NA	NA	1	48	0	222536.59	223167.905	223900.605	224899.655	NA	225898.87	NA	63	225898.95	6594322	115257	6594371	193747.25
train	control	nanjing_p_3_control	go	1	482.82	32	keydown	go_down	NA	NA	NA	1	49	0	225900.095	226714.815	227314.25	227919.13	NA	227970.655	NA	64	227970.73	6594322	115257	6594372	195819.03
train	test	zhonghua_a_5_test	go	1	543.235	32	keydown	go_down	NA	NA	NA	1	50	0	227971.895	228813.24	229762.515	230322.56	NA	230376.21	NA	65	230376.29	6594322	115257	6594372	198224.59
train	test	nanjing_a_5_test	nogo	1	null	NA	NA	NA	NA	NA	NA	1	51	0	230377.5	231194.185	232059.925	233059.23	NA	234058.42	NA	66	234058.515	6594322	115257	6594373	201906.815
train	control	hongshuangxi_p_2_control	go	1	549.535	32	keydown	go_down	NA	NA	NA	1	52	0	234059.67	234574.62	235423.82	235990.01	NA	236029.77	NA	67	236029.84	6594322	115257	6594374	203878.14
train	control	hongshuangxi_p_2_control	nogo	1	null	NA	NA	NA	NA	NA	NA	1	53	0	236031.07	236572.85	237172.615	238171.42	NA	239170.69	NA	68	239170.775	6594322	115257	6594375	207019.075
train	control	zhonghua_p_8_control	go	1	589.45	32	keydown	go_down	NA	NA	NA	1	54	0	239172.245	239703.54	240452.72	241058.84	NA	241108.405	NA	69	241108.475	6594322	115257	6594375	208956.775
train	control	zhonghua_a_5_control	nogo	1	null	NA	NA	NA	NA	NA	NA	1	55	0	241110.155	242068.075	242949.88	243949.8	NA	244948.86	NA	70	244948.945	6594322	115257	6594376	212797.245
train	test	liqun_a_3_test	nogo	1	null	NA	NA	NA	NA	NA	NA	1	56	0	244950.075	245814.695	246380.96	247496.68	NA	248495.585	NA	71	248495.695	6594322	115257	6594377	216343.995
train	control	nanjing_p_3_control	go	1	545.9	32	keydown	go_down	NA	NA	NA	1	57	0	248496.855	249078.335	249611.55	250174.09	NA	250218.665	NA	72	250218.735	6594322	115257	6594377	218067.035
train	test	hongshuangxi_p_9_test	nogo	1	null	NA	NA	NA	NA	NA	NA	1	58	0	250219.95	251176.79	252092.665	253091.72	NA	254090.84	NA	73	254090.935	6594322	115257	6594378	221939.235
train	test	hongshuangxi_p_2_test	go	1	539.485	32	keydown	go_down	NA	NA	NA	1	59	0	254092.095	254856.81	255722.83	256278.97	NA	256340.93	NA	74	256341.005	6594322	115257	6594379	224189.305
train	test	hongshuangxi_p_9_test	nogo	1	null	NA	NA	NA	NA	NA	NA	1	60	0	256342.16	257338.015	258154.25	259153.17	NA	260152.245	NA	75	260152.33	6594322	115257	6594380	228000.63
train	control	nanjing_a_5_control	go	1	669.195	32	keydown	go_down	NA	NA	NA	1	61	0	260153.495	261134.64	261834.2	262520.02	NA	262571.34	NA	76	262571.415	6594322	115257	6594380	230419.715
train	test	liqun_a_3_test	go	1	593.185	32	keydown	go_down	NA	NA	NA	1	62	0	262572.635	263332.815	263949.22	264559.275	NA	264596.11	NA	77	264596.185	6594322	115257	6594381	232444.485
train	control	nobrand_p_8_control	go	1	532.405	32	keydown	go_down	NA	NA	NA	1	63	0	264597.34	265231.19	266062.85	266611.955	NA	266673.845	NA	78	266673.92	6594322	115257	6594381	234522.22
train	test	nanjing_a_2_test	go	1	424.02	32	keydown	go_down	NA	NA	NA	1	64	0	266675.435	267345.97	267862.385	268303.095	NA	268364.685	NA	79	268364.75	6594322	115257	6594382	236213.05
train	test	nobrand_a_1_test	nogo	1	null	NA	NA	NA	NA	NA	NA	1	65	0	268365.905	268911.29	269527.605	270526.485	NA	271525.69	NA	80	271525.775	6594322	115257	6594383	239374.075
train	test	nanjing_a_2_test	go	1	600.06	32	keydown	go_down	NA	NA	NA	1	66	0	271526.905	272041.895	272907.735	273524.46	NA	273565.94	NA	81	273566.005	6594322	115257	6594383	241414.305
train	test	nanjing_a_5_test	go	1	562.02	32	keydown	go_down	NA	NA	NA	1	67	0	273567.18	274573.035	275255.61	275834.35	NA	275879.135	NA	82	275879.245	6594322	115257	6594384	243727.545
train	control	nanjing_a_5_control	nogo	1	null	NA	NA	NA	NA	NA	NA	1	68	0	275880.38	276871.08	277853.86	278852.56	NA	279851.74	NA	83	279851.835	6594322	115257	6594385	247700.135
train	control	hongshuangxi_p_2_control	go	1	514.735	32	keydown	go_down	NA	NA	NA	1	69	0	279853.43	280351.23	281283.785	281815.17	NA	281866.48	NA	84	281866.56	6594322	115257	6594385	249714.86
train	test	zhonghua_p_8_test	nogo	1	null	NA	NA	NA	NA	NA	NA	1	70	0	281867.74	282599.36	283581.565	284680.86	NA	285679.89	NA	85	285680.055	6594322	115257	6594386	253528.355
train	test	hongshuangxi_p_2_test	go	1	520.96	32	keydown	go_down	NA	NA	NA	1	71	0	285681.55	286595.67	287495.09	288032.695	NA	288088.6	NA	86	288088.67	6594322	115257	6594387	255936.97
train	control	nobrand_p_8_control	nogo	1	null	NA	NA	NA	NA	NA	NA	1	72	0	288089.845	288827.245	289729.205	290725.53	NA	291724.655	NA	87	291724.735	6594322	115257	6594388	259573.035
train	test	nobrand_p_8_test	go	1	535.295	32	keydown	go_down	NA	NA	NA	1	73	0	291725.92	292540.54	293439.805	294093.155	NA	294146.725	NA	88	294146.79	6594322	115257	6594388	261995.09
train	test	nanjing_p_3_test	go	1	578.64	32	keydown	go_down	NA	NA	NA	1	74	0	294147.9	294855.38	295470.98	296066.33	NA	296100.885	NA	89	296100.95	6594322	115257	6594389	263949.25
train	test	hongshuangxi_p_2_test	nogo	1	null	NA	NA	NA	NA	NA	NA	1	75	0	296102.065	296870.19	297836.105	298835.12	NA	299834.3	NA	90	299834.38	6594322	115257	6594390	267682.68
train	control	hongshuangxi_p_9_control	nogo	1	null	NA	NA	NA	NA	NA	NA	1	76	0	299835.56	300550.34	301183.115	302182.19	NA	303181.315	NA	91	303181.39	6594322	115257	6594391	271029.69
train	test	liqun_a_3_test	nogo	1	null	NA	NA	NA	NA	NA	NA	1	77	0	303182.54	303947.25	304730.015	305729.17	NA	306728.075	NA	92	306728.185	6594322	115257	6594391	274576.485
train	test	hongshuangxi_p_9_test	go	1	511.215	32	keydown	go_down	NA	NA	NA	1	78	0	306729.375	307643.84	308393.5	308921.705	NA	308983.085	NA	93	308983.155	6594322	115257	6594392	276831.455
train	control	hongshuangxi_p_2_control	go	1	607.225	32	keydown	go_down	NA	NA	NA	1	79	0	308984.52	309742.32	310558.07	311181.69	NA	311232.15	NA	94	311232.22	6594322	115257	6594393	279080.52
train	control	zhonghua_p_8_control	go	1	524.57	32	keydown	go_down	NA	NA	NA	1	80	0	311233.325	311807.16	312556.43	313097.665	NA	313138.57	NA	95	313138.64	6594322	115257	6594393	280986.94
train	control	zhonghua_a_5_control	nogo	1	null	NA	NA	NA	NA	NA	NA	1	81	0	313140.04	313921.995	314521.76	315520.535	NA	316519.685	NA	96	316519.765	6594322	115257	6594394	284368.065
train	control	nobrand_a_1_control	go	1	649.025	32	keydown	go_down	NA	NA	NA	1	82	0	316521.025	317418.835	318168.24	318833.935	NA	318872.845	NA	97	318872.915	6594322	115257	6594394	286721.215
train	test	nobrand_p_8_test	nogo	1	null	NA	NA	NA	NA	NA	NA	1	83	0	318874.07	319783.485	320399.805	321398.745	NA	322397.885	NA	98	322397.96	6594322	115257	6594395	290246.26
train	test	nanjing_a_2_test	go	1	503.325	32	keydown	go_down	NA	NA	NA	1	84	0	322399.14	323313.68	323996.545	324516.545	NA	324559.425	NA	99	324559.49	6594322	115257	6594396	292407.79
train	control	zhonghua_a_5_control	go	1	716.325	32	keydown	go_down	NA	NA	NA	1	85	0	324560.615	325278.72	325928.285	326661.28	NA	326712.995	NA	100	326713.095	6594322	115257	6594396	294561.395
train	control	zhonghua_a_5_control	nogo	1	null	NA	NA	NA	NA	NA	NA	1	86	0	326714.215	327476.795	328408.945	329408.505	NA	330407.565	NA	101	330407.645	6594322	115257	6594397	298255.945
train	test	zhonghua_p_8_test	go	1	509.78	32	keydown	go_down	NA	NA	NA	1	87	0	330408.87	330923.73	331589.86	332116.285	NA	332143.58	NA	102	332143.65	6594322	115257	6594398	299991.95
train	test	hongshuangxi_p_9_test	nogo	1	null	NA	NA	NA	NA	NA	NA	1	88	0	332145.085	333155.195	333887.865	334887.025	NA	335886.105	NA	103	335886.18	6594322	115257	6594399	303734.48
train	control	nanjing_a_5_control	go	1	495.655	32	keydown	go_down	NA	NA	NA	1	89	0	335887.3	336818.535	337351.485	337863.8	NA	337938.49	NA	104	337938.56	6594322	115257	6594399	305786.86
train	control	nanjing_a_5_control	go	1	476.88	32	keydown	go_down	NA	NA	NA	1	90	0	337939.725	338917.055	339549.81	340043.59	NA	340088.99	NA	105	340089.06	6594322	115257	6594400	307937.36
train	test	zhonghua_a_5_test	nogo	1	null	NA	NA	NA	NA	NA	NA	1	91	0	340090.36	340898.41	341697.775	342696.83	NA	343695.965	NA	106	343696.045	6594322	115257	6594401	311544.345
train	test	hongshuangxi_p_9_test	go	1	462.47	32	keydown	go_down	NA	NA	NA	1	92	0	343697.32	344295.365	345211.38	345690.4	NA	345742.115	NA	107	345742.18	6594322	115257	6594401	313590.48
train	control	nanjing_p_3_control	go	1	458.905	32	keydown	go_down	NA	NA	NA	1	93	0	345743.315	346410.255	347110.195	347586.44	NA	347641.85	NA	108	347641.925	6594322	115257	6594402	315490.225
train	control	nanjing_a_5_control	nogo	1	null	NA	NA	NA	NA	NA	NA	1	94	0	347643.225	348275.34	349057.24	350057.055	NA	351056.235	NA	109	351056.32	6594322	115257	6594403	318904.62
train	test	nanjing_p_3_test	nogo	1	null	NA	NA	NA	NA	NA	NA	1	95	0	351057.47	351855.52	352804.63	353803.785	NA	354802.895	NA	110	354802.98	6594322	115257	6594403	322651.28
train	test	zhonghua_p_8_test	nogo	1	null	NA	NA	NA	NA	NA	NA	1	96	0	354804.145	355685.375	356334.91	357334.09	NA	358333.105	NA	111	358333.195	6594322	115257	6594404	326181.495
train	test	zhonghua_a_5_test	go	1	589.74	32	keydown	go_down	NA	NA	NA	1	97	0	358334.39	359032.46	359915.09	360521.51	NA	360555.575	NA	112	360555.64	6594322	115257	6594405	328403.94
train	control	nanjing_a_2_control	nogo	1	null	NA	NA	NA	NA	NA	NA	1	98	0	360556.825	361463.77	362030.29	363029.08	NA	364028.18	NA	113	364028.255	6594322	115257	6594406	331876.555
train	control	nobrand_a_1_control	go	1	510.485	32	keydown	go_down	NA	NA	NA	1	99	0	364029.37	364577.67	365293.785	365821.01	NA	365891.1	NA	114	365891.17	6594322	115257	6594406	333739.47
train	test	zhonghua_a_5_test	nogo	1	null	NA	NA	NA	NA	NA	NA	1	100	0	365892.54	366842.43	367508.57	368507.615	NA	369507.125	NA	115	369507.205	6594322	115257	6594407	337355.505
train	control	hongshuangxi_p_9_control	nogo	1	null	NA	NA	NA	NA	NA	NA	1	101	0	369508.4	370372.58	370972.11	371971.295	NA	372970.38	NA	116	372970.46	6594322	115257	6594408	340818.76
train	test	nobrand_a_1_test	go	1	452.05	32	keydown	go_down	NA	NA	NA	1	102	0	372971.61	373902.82	374718.9	375188.055	NA	375252.345	NA	117	375252.41	6594322	115257	6594409	343100.71
train	control	zhonghua_p_8_control	nogo	1	null	NA	NA	NA	NA	NA	NA	1	103	0	375253.555	375801.275	376633.58	377633.115	NA	378632.145	NA	118	378632.225	6594322	115257	6594409	346480.525
train	control	nanjing_a_2_control	go	1	589.375	32	keydown	go_down	NA	NA	NA	1	104	0	378633.905	379164.945	380064.175	380670.22	NA	380732.53	NA	119	380732.6	6594322	115257	6594410	348580.9
train	test	hongshuangxi_p_9_test	nogo	1	null	NA	NA	NA	NA	NA	NA	1	105	0	380733.71	381263.16	382112.49	383111.52	NA	384110.72	NA	120	384110.8	6594322	115257	6594411	351959.1
train	control	liqun_a_3_control	nogo	1	null	NA	NA	NA	NA	NA	NA	1	106	0	384111.88	385093.175	386075.575	387074.795	NA	388073.855	NA	121	388073.94	6594322	115257	6594412	355922.24
train	control	hongshuangxi_p_2_control	nogo	1	null	NA	NA	NA	NA	NA	NA	1	107	0	388075.065	388806.49	389705.83	390704.915	NA	391704.015	NA	122	391704.095	6594322	115257	6594413	359552.395
train	test	zhonghua_p_8_test	go	1	536.105	32	keydown	go_down	NA	NA	NA	1	108	0	391705.205	392436.67	393152.78	393705.515	NA	393776.535	NA	123	393776.605	6594322	115257	6594413	361624.905
train	control	nobrand_a_1_control	nogo	1	null	NA	NA	NA	NA	NA	NA	1	109	0	393777.79	394734.71	395684.2	396683.02	NA	397682.195	NA	124	397682.275	6594322	115257	6594414	365530.575
train	control	nobrand_a_1_control	nogo	1	null	NA	NA	NA	NA	NA	NA	1	110	0	397683.445	398548.095	399114.235	400113.35	NA	401112.55	NA	125	401112.655	6594322	115257	6594415	368960.955
train	test	nobrand_a_1_test	go	1	921.48	32	keydown	go_down	NA	NA	NA	1	111	0	401113.795	401978.485	402811.425	403749.35	NA	403815.01	NA	126	403815.075	6594322	115257	6594416	371663.375
train	control	nanjing_p_3_control	nogo	1	null	NA	NA	NA	NA	NA	NA	1	112	0	403816.41	404543.21	405042.435	406041.525	NA	407040.64	NA	127	407040.955	6594322	115257	6594417	374889.255
train	control	nanjing_p_3_control	go	1	798.875	32	keydown	go_down	NA	NA	NA	1	113	0	407042.175	407656.73	408189.64	409005.165	NA	409070.77	NA	128	409071.02	6594322	115257	6594417	376919.32
train	test	nobrand_p_8_test	go	1	816	32	keydown	go_down	NA	NA	NA	1	114	0	409072.185	409871.505	410654.285	411487.06	NA	411562.355	NA	129	411562.425	6594322	115257	6594418	379410.725
train	test	nobrand_p_8_test	go	1	507.48	32	keydown	go_down	NA	NA	NA	1	115	0	411563.565	412286.075	413052.345	413576.66	NA	413652.835	NA	130	413652.915	6594322	115257	6594418	381501.215
train	test	hongshuangxi_p_2_test	nogo	1	null	NA	NA	NA	NA	NA	NA	1	116	0	413654.05	414667.35	415217.25	416215.965	NA	417215.14	NA	131	417215.22	6594322	115257	6594419	385063.52
train	control	nanjing_a_2_control	nogo	1	null	NA	NA	NA	NA	NA	NA	1	117	0	417216.37	418114.34	418680.47	419679.57	NA	420678.76	NA	132	420678.85	6594322	115257	6594420	388527.15
train	test	nanjing_a_5_test	go	1	587.015	32	keydown	go_down	NA	NA	NA	1	118	0	420680.11	421661.235	422293.965	422897.63	NA	422980.09	NA	133	422980.155	6594322	115257	6594420	390828.455
train	test	nanjing_a_5_test	nogo	1	null	NA	NA	NA	NA	NA	NA	1	119	0	422981.3	423925.94	424641.495	425641.02	NA	426640.135	NA	134	426640.22	6594322	115257	6594421	394488.52
train	control	nobrand_p_8_control	go	1	487.89	32	keydown	go_down	NA	NA	NA	1	120	0	426641.44	427156.34	427789.16	428293.72	NA	428370.6	NA	135	428370.665	6594322	115257	6594422	396218.965
train	test	liqun_a_3_test	go	1	648.35	32	keydown	go_down	NA	NA	NA	1	121	0	428371.89	428921.575	429537.365	430202.365	NA	430273.115	NA	136	430273.18	6594322	115257	6594422	398121.48
train	control	liqun_a_3_control	nogo	1	null	NA	NA	NA	NA	NA	NA	1	122	0	430274.5	431286.14	431802.575	432801.49	NA	433800.595	NA	137	433800.68	6594322	115257	6594423	401648.98
train	control	nobrand_a_1_control	nogo	1	null	NA	NA	NA	NA	NA	NA	1	123	0	433801.9	434766.34	435382.635	436381.695	NA	437380.815	NA	138	437380.895	6594322	115257	6594424	405229.195
train	control	zhonghua_p_8_control	nogo	1	null	NA	NA	NA	NA	NA	NA	1	124	0	437382.515	437947.08	438896.2	439895.255	NA	440894.455	NA	139	440894.535	6594322	115257	6594425	408742.835
train	test	nanjing_p_3_test	go	1	811.585	32	keydown	go_down	NA	NA	NA	1	125	0	440895.64	441843.615	442592.895	443421.14	NA	443461.795	NA	140	443461.89	6594322	115257	6594426	411310.19
train	control	zhonghua_p_8_control	nogo	1	null	NA	NA	NA	NA	NA	NA	1	126	0	443463.04	444224.845	445207.355	446206.485	NA	447205.52	NA	141	447205.61	6594322	115257	6594427	415053.91
train	test	nanjing_a_2_test	nogo	1	null	NA	NA	NA	NA	NA	NA	1	127	0	447206.775	448187.905	448737.555	449736.725	NA	450735.815	NA	142	450735.89	6594322	115257	6594427	418584.19
train	test	zhonghua_p_8_test	go	1	572.825	32	keydown	go_down	NA	NA	NA	1	128	0	450737.09	451301.92	452167.95	452757.425	NA	452830.125	NA	143	452830.2	6594322	115257	6594428	420678.5
train	control	nanjing_a_2_control	nogo	1	null	NA	NA	NA	NA	NA	NA	1	129	0	452831.395	453483.445	454132.935	455131.955	NA	456131.15	NA	144	456131.255	6594322	115257	6594429	423979.555
train	control	liqun_a_3_control	nogo	1	null	NA	NA	NA	NA	NA	NA	1	130	0	456132.385	456664.02	457479.9	458479.115	NA	459478.17	NA	145	459478.25	6594322	115257	6594430	427326.55
train	control	nanjing_a_2_control	go	1	512.74	32	keydown	go_down	NA	NA	NA	1	131	0	459479.775	460044.29	460727.15	461256.535	NA	461328.605	NA	146	461328.67	6594322	115257	6594430	429176.97
train	test	nobrand_p_8_test	go	1	843.81	32	keydown	go_down	NA	NA	NA	1	132	0	461329.79	462059.275	462708.36	463568.82	NA	463631.21	NA	147	463631.28	6594322	115257	6594431	431479.58
train	test	nobrand_p_8_test	nogo	1	null	NA	NA	NA	NA	NA	NA	1	133	0	463632.415	464207.415	464973.43	465972.58	NA	466971.6	NA	148	466971.69	6594322	115257	6594431	434819.99
train	control	zhonghua_a_5_control	go	1	470.85	32	keydown	go_down	NA	NA	NA	1	134	0	466972.815	467620.965	468170.665	468658.145	NA	468719.915	NA	149	468719.99	6594322	115257	6594432	436568.29
train	control	nobrand_a_1_control	nogo	1	null	NA	NA	NA	NA	NA	NA	1	135	0	468721.68	469452.805	470002.52	471001.465	NA	472000.56	NA	150	472000.64	6594322	115257	6594433	439848.94
train	test	hongshuangxi_p_2_test	nogo	1	null	NA	NA	NA	NA	NA	NA	1	136	0	472001.8	472883.07	473848.855	474848.14	NA	475847.27	NA	151	475847.35	6594322	115257	6594434	443695.65
train	control	zhonghua_a_5_control	go	1	593.525	32	keydown	go_down	NA	NA	NA	1	137	0	475848.58	476646.565	477379.205	477989.355	NA	478070.11	NA	152	478070.18	6594322	115257	6594434	445918.48
train	test	liqun_a_3_test	go	1	523.41	32	keydown	go_down	NA	NA	NA	1	138	0	478071.34	478594.87	479560.69	480101.275	NA	480173.975	NA	153	480174.04	6594322	115257	6594435	448022.34
train	control	nobrand_a_1_control	go	1	640.46	32	keydown	go_down	NA	NA	NA	1	139	0	480175.61	481026.045	481592.05	482249.125	NA	482321.74	NA	154	482321.805	6594322	115257	6594435	450170.105
train	test	zhonghua_p_8_test	go	1	535.64	32	keydown	go_down	NA	NA	NA	1	140	0	482322.9	483274.05	483923.8	484476.115	NA	484551.195	NA	155	484551.265	6594322	115257	6594436	452399.565
train	control	liqun_a_3_control	nogo	1	null	NA	NA	NA	NA	NA	NA	1	141	0	484552.4	485405.545	485921.28	486920.95	NA	487919.955	NA	156	487920.045	6594322	115257	6594437	455768.345
train	test	zhonghua_p_8_test	nogo	1	null	NA	NA	NA	NA	NA	NA	1	142	0	487921.2	488702.55	489418.76	490417.845	NA	491416.91	NA	157	491416.995	6594322	115257	6594438	459265.295
train	control	zhonghua_p_8_control	go	1	593.855	32	keydown	go_down	NA	NA	NA	1	143	0	491418.13	492316.035	493032.28	493642.775	NA	493715.245	NA	158	493715.31	6594322	115257	6594438	461563.61
train	control	zhonghua_p_8_control	nogo	1	null	NA	NA	NA	NA	NA	NA	1	144	0	493716.455	494314.435	494880.76	495879.725	NA	496878.845	NA	159	496878.925	6594322	115257	6594439	464727.225
train	control	zhonghua_p_8_control	go	1	554.145	32	keydown	go_down	NA	NA	NA	1	145	0	496880.065	497761.3	498593.995	499165.13	NA	499239.43	NA	160	499239.5	6594322	115257	6594440	467087.8
train	test	nanjing_p_3_test	nogo	1	null	NA	NA	NA	NA	NA	NA	1	146	0	499240.66	500142.66	500675.535	501674.71	NA	502673.83	NA	161	502673.92	6594322	115257	6594440	470522.22
train	control	hongshuangxi_p_9_control	nogo	2	654.23	32	keydown	go_down	NA	NA	NA	1	147	0	502675.13	503423.175	504089.24	504760.145	NA	505771.14	NA	162	505771.225	6594322	115257	6594441	473619.525
train	control	hongshuangxi_p_9_control	nogo	1	null	NA	NA	NA	NA	NA	NA	1	147	1	505771.225	506420.46	507353.025	508352.215	NA	509351.285	NA	163	509351.365	6594322	115257	6594442	477199.665
train	test	nobrand_a_1_test	nogo	1	null	NA	NA	NA	NA	NA	NA	1	148	0	509352.565	510233.8	511166.345	512165.5	NA	513164.625	NA	164	513164.7	6594322	115257	6594443	481013
train	test	nobrand_a_1_test	go	1	616.805	32	keydown	go_down	NA	NA	NA	1	149	0	513165.835	514013.79	514963	515596.495	NA	515660.93	NA	165	515661.005	6594322	115257	6594444	483509.305
train	control	nanjing_p_3_control	nogo	1	null	NA	NA	NA	NA	NA	NA	1	150	0	515662.175	516311.935	517294.345	518293.485	NA	519292.615	NA	166	519292.69	6594322	115257	6594445	487140.99
train	test	liqun_a_3_test	nogo	1	null	NA	NA	NA	NA	NA	NA	1	151	0	519293.865	520225.06	521007.76	522007.025	NA	523005.99	NA	167	523006.075	6594322	115257	6594445	490854.375
train	control	nobrand_p_8_control	go	1	494.245	32	keydown	go_down	NA	NA	NA	1	152	0	523007.22	523638.73	524388.155	524899.065	NA	524982.835	NA	168	524982.905	6594322	115257	6594446	492831.205
train	control	liqun_a_3_control	go	1	592.245	32	keydown	go_down	NA	NA	NA	1	153	0	524984.03	525903.56	526802.45	527411.33	NA	527491.55	NA	169	527491.615	6594322	115257	6594447	495339.915
train	test	liqun_a_3_test	nogo	1	null	NA	NA	NA	NA	NA	NA	1	154	0	527492.83	528368.035	528867.645	529866.69	NA	530865.85	NA	170	530865.925	6594322	115257	6594447	498714.225
train	test	zhonghua_a_5_test	go	1	453.355	32	keydown	go_down	NA	NA	NA	1	155	0	530867.13	531798.29	532647.585	533117.615	NA	533199.265	NA	171	533199.335	6594322	115257	6594448	501047.635
train	test	nobrand_p_8_test	nogo	1	null	NA	NA	NA	NA	NA	NA	1	156	0	533200.465	533963.2	534878.54	535878.165	NA	536877.31	NA	172	536877.39	6594322	115257	6594449	504725.69
train	control	liqun_a_3_control	go	1	419.935	32	keydown	go_down	NA	NA	NA	1	157	0	536878.485	537393.525	538292.685	538729.29	NA	538809.025	NA	173	538809.09	6594322	115257	6594449	506657.39
train	test	hongshuangxi_p_2_test	go	1	524.855	32	keydown	go_down	NA	NA	NA	1	158	0	538810.26	539641.48	540490.85	541032.34	NA	541096.65	NA	174	541096.72	6594322	115257	6594450	508945.02
train	control	nanjing_p_3_control	nogo	1	null	NA	NA	NA	NA	NA	NA	1	159	0	541097.945	541922.84	542905.46	543904.465	NA	544903.59	NA	175	544903.67	6594322	115257	6594451	512751.97
train	test	hongshuangxi_p_2_test	nogo	1	null	NA	NA	NA	NA	NA	NA	1	160	0	544904.795	545652.875	546368.985	547368.09	NA	548367.325	NA	176	548367.4	6594322	115257	6594452	516215.7
train	test	nobrand_a_1_test	nogo	1	null	NA	NA	NA	NA	NA	NA	1	161	0	548368.68	549266.555	549965.755	550965.005	NA	551964.05	NA	177	551964.14	6594322	115257	6594453	519812.44
train	test	nobrand_p_8_test	nogo	1	null	NA	NA	NA	NA	NA	NA	1	162	0	551965.345	552596.835	553129.75	554128.875	NA	555128.035	NA	178	555128.115	6594322	115257	6594454	522976.415
train	control	hongshuangxi_p_9_control	go	1	618.12	32	keydown	go_down	NA	NA	NA	1	163	0	555129.23	555727.505	556610.085	557244.85	NA	557347.81	NA	179	557347.875	6594322	115257	6594454	525196.175
train	control	nanjing_a_5_control	go	2	null	NA	NA	NA	NA	NA	NA	1	164	0	557349.01	558258.605	558941.345	559940.43	NA	560956.3	NA	180	560956.375	6594322	115257	6594455	528804.675
train	control	nanjing_a_5_control	go	1	284.365	32	keydown	go_down	NA	NA	NA	1	164	1	560956.375	561905.365	562704.69	563005.72	NA	563080.67	NA	181	563080.735	6594322	115257	6594456	530929.035
train	test	nanjing_p_3_test	nogo	1	null	NA	NA	NA	NA	NA	NA	1	165	0	563081.915	563653.925	564619.295	565618.92	NA	566617.955	NA	182	566618.035	6594322	115257	6594456	534466.335
train	control	nanjing_a_5_control	nogo	1	null	NA	NA	NA	NA	NA	NA	1	166	0	566619.16	567300.645	567866.885	568865.995	NA	569865.175	NA	183	569865.255	6594322	115257	6594457	537713.555
train	control	hongshuangxi_p_9_control	go	1	494.02	32	keydown	go_down	NA	NA	NA	1	167	0	569866.405	570498.22	571380.46	571891.525	NA	571963.805	NA	184	571963.87	6594322	115257	6594458	539812.17
train	test	zhonghua_p_8_test	go	1	591.28	32	keydown	go_down	NA	NA	NA	1	168	0	571965.005	572596.11	573428.565	574036.755	NA	574121.08	NA	185	574121.155	6594322	115257	6594458	541969.455
train	control	nanjing_a_2_control	go	1	471.165	32	keydown	go_down	NA	NA	NA	1	169	0	574122.275	575077.275	575593.45	576081.73	NA	576163.14	NA	186	576163.205	6594322	115257	6594459	544011.505
train	control	zhonghua_a_5_control	go	1	475.535	32	keydown	go_down	NA	NA	NA	1	170	0	576164.36	576809.115	577408.59	577900.775	NA	577977.06	NA	187	577977.13	6594322	115257	6594459	545825.43
train	control	nobrand_a_1_control	nogo	1	null	NA	NA	NA	NA	NA	NA	1	171	0	577978.29	578724.275	579556.8	580555.76	NA	581554.96	NA	188	581555.055	6594322	115257	6594460	549403.355
train	test	liqun_a_3_test	go	1	456.75	32	keydown	go_down	NA	NA	NA	1	172	0	581556.2	582271.005	582787.21	583261	NA	583318.515	NA	189	583318.595	6594322	115257	6594461	551166.895
train	control	nobrand_p_8_control	nogo	1	null	NA	NA	NA	NA	NA	NA	1	173	0	583319.805	584152.635	584719.075	585717.96	NA	586717.055	NA	190	586717.135	6594322	115257	6594461	554565.435
train	control	nobrand_p_8_control	nogo	1	null	NA	NA	NA	NA	NA	NA	1	174	0	586718.265	587716.125	588582.175	589581.255	NA	590580.32	NA	191	590580.41	6594322	115257	6594462	558428.71
train	control	liqun_a_3_control	nogo	1	null	NA	NA	NA	NA	NA	NA	1	175	0	590581.57	591146.435	591762.665	592761.855	NA	593760.88	NA	192	593760.97	6594322	115257	6594463	561609.27
train	test	nanjing_p_3_test	nogo	1	null	NA	NA	NA	NA	NA	NA	1	176	0	593762.12	594410.225	595126.46	596125.525	NA	597125.02	NA	193	597125.1	6594322	115257	6594464	564973.4
train	control	nanjing_p_3_control	go	1	501.295	32	keydown	go_down	NA	NA	NA	1	177	0	597126.325	597973.955	598689.95	599207.93	NA	599279.525	NA	194	599279.61	6594322	115257	6594465	567127.91
train	test	zhonghua_p_8_test	nogo	1	null	NA	NA	NA	NA	NA	NA	1	178	0	599281.005	600038.775	600654.92	601654.08	NA	602653.155	NA	195	602653.23	6594322	115257	6594465	570501.53
train	test	nanjing_p_3_test	go	1	508.135	32	keydown	go_down	NA	NA	NA	1	179	0	602654.4	603169.33	604135.25	604660.195	NA	604740.485	NA	196	604740.55	6594322	115257	6594466	572588.85
practice	practice	practice	go	1	462.155	32	keydown	go_down	NA	NA	NA	0	0	0	73128.065	74066.75	74849.32	75329.26	NA	75362.285	NA	0	75362.59	6594614	115257	6594616	0
practice	practice	practice	nogo	1	null	NA	NA	NA	NA	NA	NA	0	1	0	75364.225	75981.585	76631.355	77630.175	NA	78629.23	NA	1	78629.385	6594614	115257	6594617	3266.795
practice	practice	practice	nogo	1	null	NA	NA	NA	NA	NA	NA	0	2	0	78631.795	79228.645	79745.215	80744.02	NA	81743.185	NA	2	81743.27	6594614	115257	6594618	6380.68000000001
practice	practice	practice	nogo	1	null	NA	NA	NA	NA	NA	NA	0	3	0	81745.535	82409.165	83175.285	84174.41	NA	85173.495	NA	3	85173.58	6594614	115257	6594619	9810.99000000001
practice	practice	practice	nogo	1	null	NA	NA	NA	NA	NA	NA	0	4	0	85174.76	85939.435	86822.065	87821.175	NA	88820.29	NA	4	88820.375	6594614	115257	6594620	13457.785
practice	practice	practice	go	1	366.18	32	keydown	go_down	NA	NA	NA	0	5	0	88821.575	89486.505	90269.025	90651.895	NA	90700.85	NA	5	90700.97	6594614	115257	6594620	15338.38
practice	practice	practice	go	1	404.825	32	keydown	go_down	NA	NA	NA	0	6	0	90702.45	91601.26	92333.945	92755.675	NA	92797.165	NA	6	92797.24	6594614	115257	6594621	17434.65
practice	practice	practice	nogo	1	null	NA	NA	NA	NA	NA	NA	0	7	0	92799.025	93516.22	94248.335	95248.075	NA	96247.13	NA	7	96247.235	6594614	115257	6594622	20884.645
practice	practice	practice	go	1	396.8	32	keydown	go_down	NA	NA	NA	0	8	0	96248.45	97229.555	97945.655	98359.155	NA	98402.385	NA	8	98402.46	6594614	115257	6594622	23039.87
practice	practice	practice	go	1	360.115	32	keydown	go_down	NA	NA	NA	0	9	0	98403.62	99144.605	99877.125	100253.895	NA	100307.185	NA	9	100307.265	6594614	115257	6594623	24944.675
train	control	yuxi_p_3_control	nogo	1	null	NA	NA	NA	NA	NA	NA	1	0	0	105118.275	105988.685	106588.125	107687.15	NA	108686.255	NA	10	108686.34	6594614	115257	6594625	33323.75
train	control	zhonghua_a_2_control	nogo	1	null	NA	NA	NA	NA	NA	NA	1	1	0	108687.575	109252.39	109768.715	110867.725	NA	111866.91	NA	11	111866.995	6594614	115257	6594625	36504.405
train	test	nanjing_p_4_test	go	2	null	NA	NA	NA	NA	NA	NA	1	2	0	111869.425	112632.955	113298.94	114414.57	NA	115513.765	NA	12	115513.86	6594614	115257	6594626	40151.27
train	test	nanjing_p_4_test	go	1	697.05	32	keydown	go_down	NA	NA	NA	1	2	1	115513.875	116329.575	116962.43	117676.15	NA	117739.635	NA	13	117739.715	6594614	115257	6594627	42377.125
train	control	nobrand_a_5_control	nogo	1	null	NA	NA	NA	NA	NA	NA	1	3	0	117740.94	118610.97	119127.175	120209.555	NA	121208.66	NA	14	121208.745	6594614	115257	6594628	45846.155
train	test	liqun_p_4_test	go	1	874.61	32	keydown	go_down	NA	NA	NA	1	4	0	121209.89	121874.695	122707.485	123707.34	NA	123778.215	NA	15	123778.285	6594614	115257	6594628	48415.695
train	test	nobrand_p_6_test	go	1	663.545	32	keydown	go_down	NA	NA	NA	1	5	0	123779.445	124655.725	125321.26	126085.23	NA	126129.005	NA	16	126129.08	6594614	115257	6594629	50766.49
train	test	nobrand_p_6_test	nogo	1	null	NA	NA	NA	NA	NA	NA	1	6	0	126130.3	126737.235	127253.585	128252.54	NA	129251.615	NA	17	129251.71	6594614	115257	6594630	53889.12
train	control	zhonghua_a_2_control	nogo	1	null	NA	NA	NA	NA	NA	NA	1	7	0	129253.42	130150.755	131116.755	132115.835	NA	133114.945	NA	18	133115.03	6594614	115257	6594631	57752.44
train	test	liqun_p_4_test	nogo	1	null	NA	NA	NA	NA	NA	NA	1	8	0	133116.27	133797.645	134380.535	135379.625	NA	136378.82	NA	19	136378.91	6594614	115257	6594632	61016.32
train	test	yuxi_a_4_test	nogo	1	null	NA	NA	NA	NA	NA	NA	1	9	0	136380.025	137161.495	137877.48	138976.565	NA	139975.61	NA	20	139975.695	6594614	115257	6594633	64613.105
train	control	yuxi_p_3_control	go	1	663.67	32	keydown	go_down	NA	NA	NA	1	10	0	139976.865	140674.96	141607.63	142287.92	NA	142348.5	NA	21	142348.59	6594614	115257	6594633	66986
train	test	nobrand_a_8_test	nogo	1	null	NA	NA	NA	NA	NA	NA	1	11	0	142349.805	142939.77	143672.005	144804.775	NA	145803.885	NA	22	145803.97	6594614	115257	6594634	70441.38
train	control	yuxi_a_4_control	nogo	1	null	NA	NA	NA	NA	NA	NA	1	12	0	145805.595	146336.715	147335.925	148434.85	NA	149434.025	NA	23	149434.11	6594614	115257	6594635	74071.52
train	test	liqun_p_4_test	go	1	889.915	32	keydown	go_down	NA	NA	NA	1	13	0	149435.34	149950.19	150549.765	151456.335	NA	151514.105	NA	24	151514.185	6594614	115257	6594635	76151.595
train	control	zhonghua_a_2_control	go	2	null	NA	NA	NA	NA	NA	NA	1	14	0	151515.375	152148.41	152764.01	153763.65	NA	154779.615	NA	25	154779.695	6594614	115257	6594636	79417.105
train	control	zhonghua_a_2_control	go	2	null	NA	NA	NA	NA	NA	NA	1	14	1	154779.705	155445.51	156411.27	157410.4	NA	158426.23	NA	26	158426.315	6594614	115257	6594637	83063.725
train	control	zhonghua_a_2_control	go	2	null	NA	NA	NA	NA	NA	NA	1	14	2	158426.32	158992.455	159908.315	161024.01	NA	162139.65	NA	27	162139.76	6594614	115257	6594638	86777.17
practice	practice	practice	nogo	2	477.99	32	keydown	go_down	NA	NA	NA	0	0	0	41566.865	42491.815	43091.32	43585.985	NA	44639.635	NA	0	44639.955	6594639	115257	6594641	0
practice	practice	practice	nogo	1	null	NA	NA	NA	NA	NA	NA	0	0	1	44639.99	45288.675	46171.575	47170.65	NA	48169.78	NA	1	48169.915	6594639	115257	6594642	3529.96
practice	practice	practice	go	2	null	NA	NA	NA	NA	NA	NA	0	1	0	48171.79	49035.615	49751.785	50750.915	NA	51766.64	NA	2	51766.75	6594639	115257	6594643	7126.795
practice	practice	practice	go	1	314.5	32	keydown	go_down	NA	NA	NA	0	1	1	51766.76	52699.175	53381.915	53713.09	NA	53771.15	NA	3	53771.26	6594639	115257	6594643	9131.305
practice	practice	practice	nogo	1	null	NA	NA	NA	NA	NA	NA	0	2	0	53774.07	54630.845	55412.93	56412.675	NA	57411.65	NA	4	57411.8	6594639	115257	6594644	12771.845
practice	practice	practice	nogo	1	null	NA	NA	NA	NA	NA	NA	0	3	0	57413.2	57944.485	58843.88	59842.955	NA	60842.05	NA	5	60842.135	6594639	115257	6594645	16202.18
practice	practice	practice	go	1	369.065	32	keydown	go_down	NA	NA	NA	0	4	0	60843.355	61691.245	62423.975	62809.675	NA	62871.55	NA	6	62871.66	6594639	115257	6594646	18231.705
practice	practice	practice	go	1	413.57	32	keydown	go_down	NA	NA	NA	0	5	0	62872.945	63406.48	63989.655	64420.055	NA	64476.28	NA	7	64476.355	6594639	115257	6594646	19836.4
practice	practice	practice	nogo	1	null	NA	NA	NA	NA	NA	NA	0	6	0	64477.535	65088.41	65870.545	66870.175	NA	67869.22	NA	8	67869.315	6594639	115257	6594647	23229.36
practice	practice	practice	go	1	394.27	32	keydown	go_down	NA	NA	NA	0	7	0	67871.115	68452.015	69317.955	69728.88	NA	69778.31	NA	9	69778.385	6594639	115257	6594647	25138.43
practice	practice	practice	go	1	370.705	32	keydown	go_down	NA	NA	NA	0	8	0	69779.675	70733.54	71599.325	71986.665	NA	72048.115	NA	10	72048.2	6594639	115257	6594648	27408.245
practice	practice	practice	nogo	1	null	NA	NA	NA	NA	NA	NA	0	9	0	72050.055	72764.97	73364.28	74363.605	NA	75362.74	NA	11	75362.825	6594639	115257	6594649	30722.87
train	test	nobrand_p_7_test	nogo	1	null	NA	NA	NA	NA	NA	NA	1	0	0	77555.77	78143.66	78759.78	79858.75	NA	80857.875	NA	12	80857.965	6594639	115257	6594650	36218.01
train	control	nobrand_a_8_control	go	1	591.975	32	keydown	go_down	NA	NA	NA	1	1	0	80859.49	81806.97	82423.245	83122.97	NA	83188.815	NA	13	83188.895	6594639	115257	6594651	38548.94
train	test	yuxi_p_3_test	go	1	860.865	32	keydown	go_down	NA	NA	NA	1	2	0	83191.34	84055.15	84571.155	85538.58	NA	85591.36	NA	14	85591.43	6594639	115257	6594651	40951.475
train	test	nanjing_p_4_test	nogo	1	null	NA	NA	NA	NA	NA	NA	1	3	0	85592.67	86453.05	87219.41	88318.04	NA	89317.175	NA	15	89317.27	6594639	115257	6594652	44677.315
train	control	zhonghua_a_2_control	nogo	1	null	NA	NA	NA	NA	NA	NA	1	4	0	89318.97	89999.855	90882.535	91981.485	NA	92980.615	NA	16	92980.78	6594639	115257	6594653	48340.825
train	control	nanjing_a_10_control	go	1	569.355	32	keydown	go_down	NA	NA	NA	1	5	0	92982.1	93779.865	94312.86	95007.49	NA	95086.89	NA	17	95086.975	6594639	115257	6594654	50447.02
train	control	yuxi_p_3_control	go	1	574.03	32	keydown	go_down	NA	NA	NA	1	6	0	95088.145	96028.015	96794.23	97473.535	NA	97534.75	NA	18	97534.83	6594639	115257	6594654	52894.875
train	test	nobrand_a_8_test	nogo	1	null	NA	NA	NA	NA	NA	NA	1	7	0	97536.965	98392.63	99191.775	100324.275	NA	101323.305	NA	19	101323.4	6594639	115257	6594655	56683.445
train	control	nanjing_a_10_control	go	1	525.86	32	keydown	go_down	NA	NA	NA	1	8	0	101324.695	102222.575	102738.85	103281.36	NA	103336.595	NA	20	103336.665	6594639	115257	6594656	58696.71
train	test	nobrand_p_7_test	nogo	1	null	NA	NA	NA	NA	NA	NA	1	9	0	103337.795	104004.395	104953.92	105952.605	NA	106951.835	NA	21	106951.925	6594639	115257	6594657	62311.97
train	control	zhonghua_a_2_control	go	1	553.79	32	keydown	go_down	NA	NA	NA	1	10	0	106953.16	107534.655	108400.5	108970.93	NA	109044.79	NA	22	109044.86	6594639	115257	6594657	64404.905
train	test	yuxi_p_3_test	nogo	1	null	NA	NA	NA	NA	NA	NA	1	11	0	109046.08	109815.955	110365.65	111364.57	NA	112363.69	NA	23	112363.785	6594639	115257	6594658	67723.83
train	control	zhonghua_a_2_control	nogo	1	null	NA	NA	NA	NA	NA	NA	1	12	0	112365.5	113312.8	114178.78	115177.985	NA	116177.005	NA	24	116177.105	6594639	115257	6594659	71537.15
train	test	yuxi_p_3_test	go	1	684.98	32	keydown	go_down	NA	NA	NA	1	13	0	116178.225	117109.465	117892.21	118593.82	NA	118647.315	NA	25	118647.395	6594639	115257	6594660	74007.44
train	test	zhonghua_a_2_test	nogo	1	null	NA	NA	NA	NA	NA	NA	1	14	0	118648.74	119607.595	120589.86	121705.535	NA	122704.665	NA	26	122704.75	6594639	115257	6594661	78064.795
train	test	nobrand_p_6_test	go	1	495.27	32	keydown	go_down	NA	NA	NA	1	15	0	122705.995	123537.2	124270.025	124884.155	NA	124933.345	NA	27	124933.42	6594639	115257	6594661	80293.465
train	test	yuxi_p_3_test	go	1	582.46	32	keydown	go_down	NA	NA	NA	1	16	0	124934.55	125935.265	126934.345	127533.675	NA	127603.425	NA	28	127603.51	6594639	115257	6594662	82963.555
train	control	yuxi_a_4_control	nogo	1	null	NA	NA	NA	NA	NA	NA	1	17	0	127605.47	128582.9	129449.005	130564.48	NA	131563.61	NA	29	131563.7	6594639	115257	6594663	86923.745
train	control	nobrand_p_7_control	nogo	1	null	NA	NA	NA	NA	NA	NA	1	18	0	131565.005	132429.455	133245.47	134361.23	NA	135360.245	NA	30	135360.35	6594639	115257	6594664	90720.395
train	test	zhonghua_a_2_test	go	1	578.615	32	keydown	go_down	NA	NA	NA	1	19	0	135361.525	135926.38	136675.81	137271.08	NA	137324.575	NA	31	137324.66	6594639	115257	6594664	92684.705
train	test	liqun_p_4_test	go	1	594.23	32	keydown	go_down	NA	NA	NA	1	20	0	137326.125	138274.485	139122.995	139828.07	NA	139891.775	NA	32	139891.85	6594639	115257	6594665	95251.895
train	control	nobrand_a_5_control	nogo	1	null	NA	NA	NA	NA	NA	NA	1	21	0	139893.135	140705.685	141238.51	142337.47	NA	143336.75	NA	33	143336.84	6594639	115257	6594666	98696.885
train	control	yuxi_p_3_control	nogo	1	null	NA	NA	NA	NA	NA	NA	1	22	0	143338.515	144152.535	145118.73	146117.58	NA	147116.69	NA	34	147116.775	6594639	115257	6594667	102476.82
train	control	yuxi_p_3_control	go	1	557.485	32	keydown	go_down	NA	NA	NA	1	23	0	147117.98	148082.455	149015.005	149589.17	NA	149638.585	NA	35	149638.66	6594639	115257	6594667	104998.705
train	test	nobrand_a_5_test	go	1	881.14	32	keydown	go_down	NA	NA	NA	1	24	0	149639.915	150447.17	151379.75	152383.96	NA	152456.425	NA	36	152456.515	6594639	115257	6594668	107816.56
train	test	nobrand_p_7_test	go	1	755.875	32	keydown	go_down	NA	NA	NA	1	25	0	152457.85	153294.69	154227.23	154999.86	NA	155067.995	NA	37	155068.07	6594639	115257	6594669	110428.115
train	test	zhonghua_a_2_test	go	1	635.065	32	keydown	go_down	NA	NA	NA	1	26	0	155069.265	155576.03	156475.33	157127.105	NA	157170.28	NA	38	157170.36	6594639	115257	6594669	112530.405
train	test	yuxi_a_4_test	nogo	1	null	NA	NA	NA	NA	NA	NA	1	27	0	157172.145	157757.445	158623.425	159705.71	NA	160704.78	NA	39	160704.885	6594639	115257	6594670	116064.93
train	control	nobrand_a_5_control	go	1	474.86	32	keydown	go_down	NA	NA	NA	1	28	0	160706.17	161220.955	162136.965	162628.495	NA	162698.355	NA	40	162698.43	6594639	115257	6594671	118058.475
train	test	yuxi_a_4_test	nogo	1	null	NA	NA	NA	NA	NA	NA	1	29	0	162699.53	163352.51	164102.065	165101	NA	166100.1	NA	41	166100.2	6594639	115257	6594671	121460.245
train	control	nobrand_a_8_control	go	1	413.135	32	keydown	go_down	NA	NA	NA	1	30	0	166101.37	166965.915	167965.2	168395.005	NA	168459.685	NA	42	168459.76	6594639	115257	6594672	123819.805
train	test	liqun_p_4_test	nogo	1	null	NA	NA	NA	NA	NA	NA	1	31	0	168460.875	169064.47	169780.525	170779.36	NA	171778.45	NA	43	171778.55	6594639	115257	6594673	127138.595
train	test	nanjing_p_4_test	go	1	611.84	32	keydown	go_down	NA	NA	NA	1	32	0	171780.445	172627.64	173593.635	174222.24	NA	174269.85	NA	44	174269.92	6594639	115257	6594673	129629.965
train	control	nanjing_p_4_control	go	1	928.78	32	keydown	go_down	NA	NA	NA	1	33	0	174271.055	174925.76	175591.765	176637.98	NA	176703.75	NA	45	176703.825	6594639	115257	6594674	132063.87
train	test	nobrand_p_7_test	go	1	699.69	32	keydown	go_down	NA	NA	NA	1	34	0	176704.995	177273.745	178256.085	178972.41	NA	179053.275	NA	46	179053.38	6594639	115257	6594675	134413.425
train	control	zhonghua_a_2_control	nogo	1	null	NA	NA	NA	NA	NA	NA	1	35	0	179054.53	179871.495	180653.67	181653.245	NA	182652.385	NA	47	182652.5	6594639	115257	6594676	138012.545
train	test	yuxi_p_3_test	nogo	1	null	NA	NA	NA	NA	NA	NA	1	36	0	182653.64	183251.855	183951.26	184950.32	NA	185949.51	NA	48	185949.62	6594639	115257	6594676	141309.665
train	control	nobrand_a_5_control	nogo	1	null	NA	NA	NA	NA	NA	NA	1	37	0	185951.01	186665.565	187215.025	188214.195	NA	189213.255	NA	49	189213.35	6594639	115257	6594677	144573.395
train	control	yuxi_p_3_control	go	1	757.105	32	keydown	go_down	NA	NA	NA	1	38	0	189215.485	190112.395	190811.89	191585.655	NA	191676.955	NA	50	191677.04	6594639	115257	6594678	147037.085
train	control	nanjing_a_10_control	nogo	2	467.305	32	keydown	go_down	NA	NA	NA	1	39	0	191678.265	192643.665	193376.325	193860.275	NA	194875.015	NA	51	194875.105	6594639	115257	6594679	150235.15
train	control	nanjing_a_10_control	nogo	1	null	NA	NA	NA	NA	NA	NA	1	39	1	194875.12	195573.75	196523.61	197522.655	NA	198521.84	NA	52	198521.96	6594639	115257	6594680	153882.005
train	test	nanjing_p_4_test	nogo	1	null	NA	NA	NA	NA	NA	NA	1	40	0	198523.12	199121.23	200087.32	201086.235	NA	202085.41	NA	53	202085.5	6594639	115257	6594680	157445.545
train	test	liqun_p_4_test	nogo	1	null	NA	NA	NA	NA	NA	NA	1	41	0	202086.635	202701.535	203434.195	204433.325	NA	205432.445	NA	54	205432.54	6594639	115257	6594681	160792.585
train	control	nanjing_p_4_control	go	1	578.425	32	keydown	go_down	NA	NA	NA	1	42	0	205433.715	206081.815	206797.915	207393.015	NA	207467.93	NA	55	207468	6594639	115257	6594682	162828.045
train	test	liqun_p_4_test	go	1	840.705	32	keydown	go_down	NA	NA	NA	1	43	0	207469.835	208196.745	208979.17	209836.53	NA	209910.76	NA	56	209910.83	6594639	115257	6594682	165270.875
train	control	nanjing_a_10_control	go	1	557.46	32	keydown	go_down	NA	NA	NA	1	44	0	209912.19	210827.765	211627.29	212201.605	NA	212273.065	NA	57	212273.14	6594639	115257	6594683	167633.185
train	test	nobrand_p_6_test	nogo	1	null	NA	NA	NA	NA	NA	NA	1	45	0	212274.38	212809.365	213525.34	214524.62	NA	215523.675	NA	58	215523.775	6594639	115257	6594684	170883.82
train	control	liqun_p_4_control	go	1	458.76	32	keydown	go_down	NA	NA	NA	1	46	0	215524.96	216372.93	216905.815	217492.585	NA	217565.545	NA	59	217565.985	6594639	115257	6594684	172926.03
train	test	yuxi_a_4_test	go	1	746.665	32	keydown	go_down	NA	NA	NA	1	47	0	217567.52	218371.2	219203.795	219967.115	NA	220053.605	NA	60	220053.685	6594639	115257	6594685	175413.73
train	control	nobrand_p_6_control	nogo	1	null	NA	NA	NA	NA	NA	NA	1	48	0	220054.96	221052.185	221851.165	222933.87	NA	223932.91	NA	61	223933.01	6594639	115257	6594686	179293.055
train	test	yuxi_a_4_test	nogo	1	null	NA	NA	NA	NA	NA	NA	1	49	0	223934.255	224499.02	225265.245	226264.245	NA	227263.365	NA	62	227263.455	6594639	115257	6594687	182623.5
train	test	yuxi_a_4_test	go	1	693.04	32	keydown	go_down	NA	NA	NA	1	50	0	227264.615	227929.4	228778.695	229488.38	NA	229554.56	NA	63	229554.635	6594639	115257	6594687	184914.68
train	control	nobrand_p_7_control	nogo	1	null	NA	NA	NA	NA	NA	NA	1	51	0	229555.73	230410.67	231143.54	232142.47	NA	233141.535	NA	64	233141.625	6594639	115257	6594688	188501.67
train	test	zhonghua_a_2_test	go	1	501.7	32	keydown	go_down	NA	NA	NA	1	52	0	233142.78	233791.22	234656.98	235175.325	NA	235249.5	NA	65	235249.57	6594639	115257	6594689	190609.615
train	control	nanjing_p_4_control	nogo	1	null	NA	NA	NA	NA	NA	NA	1	53	0	235250.675	235922.515	236738.41	237737.68	NA	238736.7	NA	66	238736.78	6594639	115257	6594690	194096.825
train	test	nobrand_p_7_test	go	1	769.11	32	keydown	go_down	NA	NA	NA	1	54	0	238737.935	239236.245	239985.655	240771.49	NA	240834.965	NA	67	240835.09	6594639	115257	6594690	196195.135
train	test	nobrand_p_6_test	nogo	1	null	NA	NA	NA	NA	NA	NA	1	55	0	240836.19	241384.645	242050.695	243049.545	NA	244048.71	NA	68	244048.795	6594639	115257	6594691	199408.84
train	control	nobrand_p_6_control	go	1	526.3	32	keydown	go_down	NA	NA	NA	1	56	0	244049.985	244698.09	245464.13	246007.12	NA	246100.14	NA	69	246100.215	6594639	115257	6594691	201460.26
train	test	nobrand_a_8_test	go	1	844.115	32	keydown	go_down	NA	NA	NA	1	57	0	246101.31	246912.915	247578.895	248439.73	NA	248534.945	NA	70	248535.015	6594639	115257	6594692	203895.06
train	control	yuxi_a_4_control	go	1	519.055	32	keydown	go_down	NA	NA	NA	1	58	0	248536.73	249144.325	250026.555	250562.24	NA	250649.105	NA	71	250649.18	6594639	115257	6594693	206009.225
train	control	zhonghua_a_2_control	go	1	488.735	32	keydown	go_down	NA	NA	NA	1	59	0	250650.645	251342.37	252308.525	252814.07	NA	252892.925	NA	72	252892.995	6594639	115257	6594693	208253.04
train	test	nobrand_a_8_test	nogo	1	null	NA	NA	NA	NA	NA	NA	1	60	0	252894.09	253657.045	254156.72	255155.735	NA	256154.875	NA	73	256154.965	6594639	115257	6594694	211515.01
train	test	nobrand_a_8_test	nogo	1	null	NA	NA	NA	NA	NA	NA	1	61	0	256156.26	256870.915	257736.79	258735.91	NA	259735.015	NA	74	259735.1	6594639	115257	6594695	215095.145
train	test	nobrand_a_8_test	go	1	711.35	32	keydown	go_down	NA	NA	NA	1	62	0	259736.295	260284.505	261067.25	261795.265	NA	261897.04	NA	75	261897.11	6594639	115257	6594695	217257.155
train	control	yuxi_p_3_control	nogo	1	null	NA	NA	NA	NA	NA	NA	1	63	0	261898.265	262849.03	263698.09	264697.35	NA	265696.48	NA	76	265696.565	6594639	115257	6594696	221056.61
train	control	liqun_p_4_control	nogo	1	null	NA	NA	NA	NA	NA	NA	1	64	0	265697.725	266562.54	267245.105	268244.59	NA	269243.355	NA	77	269243.45	6594639	115257	6594697	224603.495
train	control	nobrand_p_7_control	go	1	674.995	32	keydown	go_down	NA	NA	NA	1	65	0	269244.97	269792.825	270525.66	271217.305	NA	271300	NA	78	271300.07	6594639	115257	6594698	226660.115
train	test	nanjing_a_10_test	go	1	684.595	32	keydown	go_down	NA	NA	NA	1	66	0	271301.26	271907.88	272873.39	273673.06	NA	273743.435	NA	79	273743.51	6594639	115257	6594698	229103.555
train	test	nanjing_a_10_test	go	1	494.785	32	keydown	go_down	NA	NA	NA	1	67	0	273744.625	274505.525	275171.53	275682.985	NA	275765.835	NA	80	275765.905	6594639	115257	6594699	231125.95
train	test	zhonghua_a_2_test	go	1	592.365	32	keydown	go_down	NA	NA	NA	1	68	0	275767	276553.69	277103.44	277712.65	NA	277795.56	NA	81	277795.63	6594639	115257	6594699	233155.675
train	control	nobrand_a_8_control	nogo	1	null	NA	NA	NA	NA	NA	NA	1	69	0	277796.785	278385.47	279267.99	280267.065	NA	281266.275	NA	82	281266.365	6594639	115257	6594700	236626.41
train	control	yuxi_a_4_control	nogo	1	null	NA	NA	NA	NA	NA	NA	1	70	0	281267.925	281998.975	282581.7	283580.92	NA	284580.715	NA	83	284580.81	6594639	115257	6594701	239940.855
train	test	nobrand_p_6_test	nogo	2	585.475	32	keydown	go_down	NA	NA	NA	1	71	0	284582.015	285146.115	286111.97	286714.17	NA	287710.635	NA	84	287710.755	6594639	115257	6594702	243070.8
train	test	nobrand_p_6_test	nogo	1	null	NA	NA	NA	NA	NA	NA	1	71	1	287710.76	288310.19	289126.035	290125.26	NA	291124.245	NA	85	291124.34	6594639	115257	6594703	246484.385
train	test	nanjing_p_4_test	go	1	642.55	32	keydown	go_down	NA	NA	NA	1	72	0	291125.6	291873.52	292856.15	293515.35	NA	293595.085	NA	86	293595.155	6594639	115257	6594703	248955.2
train	control	nobrand_p_7_control	go	1	538.135	32	keydown	go_down	NA	NA	NA	1	73	0	293596.545	294238.29	294854.38	295409.51	NA	295481.625	NA	87	295481.695	6594639	115257	6594704	250841.74
train	control	nobrand_p_6_control	nogo	1	null	NA	NA	NA	NA	NA	NA	1	74	0	295482.835	296253.185	297202.325	298201.445	NA	299200.55	NA	88	299200.635	6594639	115257	6594705	254560.68
train	control	nanjing_a_10_control	go	1	479.86	32	keydown	go_down	NA	NA	NA	1	75	0	299201.735	299816.66	300366.415	300862.72	NA	300936.85	NA	89	300936.925	6594639	115257	6594705	256296.97
train	test	yuxi_p_3_test	nogo	1	null	NA	NA	NA	NA	NA	NA	1	76	0	300938.07	301715.05	302231.115	303230.38	NA	304229.555	NA	90	304229.645	6594639	115257	6594706	259589.69
train	test	yuxi_p_3_test	nogo	1	null	NA	NA	NA	NA	NA	NA	1	77	0	304230.765	305162.065	305711.75	306710.675	NA	307709.855	NA	91	307709.945	6594639	115257	6594707	263069.99
train	control	nobrand_p_7_control	nogo	1	null	NA	NA	NA	NA	NA	NA	1	78	0	307711.045	308342.625	308858.81	309857.925	NA	310857.155	NA	92	310857.245	6594639	115257	6594708	266217.29
train	control	nobrand_a_8_control	go	1	592.115	32	keydown	go_down	NA	NA	NA	1	79	0	310858.445	311456.62	312372.39	312981.88	NA	313086.54	NA	93	313086.61	6594639	115257	6594708	268446.655
train	control	yuxi_a_4_control	nogo	1	null	NA	NA	NA	NA	NA	NA	1	80	0	313087.76	314004.32	314770.59	315769.4	NA	316768.545	NA	94	316768.645	6594639	115257	6594709	272128.69
train	test	nobrand_a_8_test	go	1	666.4	32	keydown	go_down	NA	NA	NA	1	81	0	316769.825	317717.735	318716.91	319399.97	NA	319473.06	NA	95	319473.135	6594639	115257	6594710	274833.18
train	control	yuxi_a_4_control	nogo	1	null	NA	NA	NA	NA	NA	NA	1	82	0	319474.265	320448.735	320948.17	321947.38	NA	322946.44	NA	96	322946.535	6594639	115257	6594711	278306.58
train	control	nobrand_p_7_control	nogo	1	null	NA	NA	NA	NA	NA	NA	1	83	0	322947.69	323612.45	324428.59	325427.66	NA	326426.86	NA	97	326426.955	6594639	115257	6594711	281787
train	test	liqun_p_4_test	nogo	1	null	NA	NA	NA	NA	NA	NA	1	84	0	326428.41	327425.93	328241.845	329241.04	NA	330240.14	NA	98	330240.225	6594639	115257	6594712	285600.27
train	test	nobrand_p_7_test	go	1	740.655	32	keydown	go_down	NA	NA	NA	1	85	0	330241.39	331189.215	332055.195	332812.505	NA	332895.795	NA	99	332895.87	6594639	115257	6594713	288255.915
train	test	zhonghua_a_2_test	nogo	1	null	NA	NA	NA	NA	NA	NA	1	86	0	332897.11	333437.38	334353.27	335352.3	NA	336351.505	NA	100	336351.595	6594639	115257	6594714	291711.64
train	control	yuxi_a_4_control	nogo	1	null	NA	NA	NA	NA	NA	NA	1	87	0	336352.725	336917.67	337883.415	338882.57	NA	339881.675	NA	101	339881.765	6594639	115257	6594715	295241.81
train	test	nanjing_a_10_test	nogo	1	null	NA	NA	NA	NA	NA	NA	1	88	0	339882.89	340864.075	341580.2	342579.355	NA	343578.48	NA	102	343578.565	6594639	115257	6594716	298938.61
train	test	nobrand_p_6_test	go	1	566.275	32	keydown	go_down	NA	NA	NA	1	89	0	343579.71	344094.65	345027.25	345610.195	NA	345703.96	NA	103	345704.03	6594639	115257	6594716	301064.075
train	control	liqun_p_4_control	nogo	1	null	NA	NA	NA	NA	NA	NA	1	90	0	345705.45	346292.805	347191.79	348191.17	NA	349190.25	NA	104	349190.335	6594639	115257	6594717	304550.38
train	test	yuxi_p_3_test	go	1	549.615	32	keydown	go_down	NA	NA	NA	1	91	0	349191.65	349906.365	350555.69	351121.99	NA	351176.255	NA	105	351176.325	6594639	115257	6594718	306536.37
train	control	zhonghua_a_2_control	nogo	1	null	NA	NA	NA	NA	NA	NA	1	92	0	351177.455	351887.98	352670.545	353669.67	NA	354668.81	NA	106	354668.9	6594639	115257	6594719	310028.945
train	test	nanjing_p_4_test	go	1	499.385	32	keydown	go_down	NA	NA	NA	1	93	0	354670.055	355334.84	355901.055	356417.11	NA	356488.86	NA	107	356488.93	6594639	115257	6594719	311848.975
train	control	nobrand_a_8_control	nogo	2	711.265	32	keydown	go_down	NA	NA	NA	1	94	0	356490.015	357166.635	358082.48	358810.375	NA	359814.315	NA	108	359814.4	6594639	115257	6594720	315174.445
train	control	nobrand_a_8_control	nogo	1	null	NA	NA	NA	NA	NA	NA	1	94	1	359814.405	360699.615	361662.69	362661.9	NA	363660.935	NA	109	363661.045	6594639	115257	6594721	319021.09
train	test	yuxi_a_4_test	go	1	542.545	32	keydown	go_down	NA	NA	NA	1	95	0	363662.32	364659.94	365609.195	366168.405	NA	366242.815	NA	110	366242.88	6594639	115257	6594721	321602.925
train	test	nobrand_a_5_test	go	1	752.27	32	keydown	go_down	NA	NA	NA	1	96	0	366243.96	366858.2	367473.98	368243.34	NA	368307.265	NA	111	368307.335	6594639	115257	6594722	323667.38
train	test	yuxi_a_4_test	nogo	1	null	NA	NA	NA	NA	NA	NA	1	97	0	368308.545	369006.33	369922.05	370921.23	NA	371920.385	NA	112	371920.47	6594639	115257	6594723	327280.515
train	control	nobrand_p_7_control	go	2	null	NA	NA	NA	NA	NA	NA	1	98	0	371921.62	372802.87	373585.585	374584.855	NA	375600.505	NA	113	375600.59	6594639	115257	6594724	330960.635
train	control	nobrand_p_7_control	go	1	605.44	32	keydown	go_down	NA	NA	NA	1	98	1	375600.59	376383.215	377182.45	377804.56	NA	377878.355	NA	114	377878.435	6594639	115257	6594724	333238.48
train	control	nobrand_a_8_control	nogo	1	null	NA	NA	NA	NA	NA	NA	1	99	0	377879.545	378781.085	379330.995	380329.77	NA	381328.825	NA	115	381328.91	6594639	115257	6594725	336688.955
train	control	yuxi_a_4_control	go	1	796.91	32	keydown	go_down	NA	NA	NA	1	100	0	381330.165	381861.675	382427.845	383241.425	NA	383310.255	NA	116	383310.33	6594639	115257	6594726	338670.375
train	control	nobrand_a_5_control	nogo	1	null	NA	NA	NA	NA	NA	NA	1	101	0	383311.435	384009.89	384709.15	385708.32	NA	386707.52	NA	117	386707.6	6594639	115257	6594727	342067.645
train	test	zhonghua_a_2_test	go	1	574.14	32	keydown	go_down	NA	NA	NA	1	102	0	386708.75	387523.475	388073	388663.795	NA	388750.365	NA	118	388750.435	6594639	115257	6594727	344110.48
train	test	nanjing_a_10_test	nogo	1	null	NA	NA	NA	NA	NA	NA	1	103	0	388751.635	389405.22	390287.875	391286.89	NA	392285.965	NA	119	392286.05	6594639	115257	6594728	347646.095
train	test	nobrand_p_7_test	nogo	1	null	NA	NA	NA	NA	NA	NA	1	104	0	392287.215	393251.69	394067.78	395066.845	NA	396066.06	NA	120	396066.17	6594639	115257	6594729	351426.215
train	control	zhonghua_a_2_control	nogo	1	null	NA	NA	NA	NA	NA	NA	1	105	0	396067.36	396598.905	397131.725	398130.845	NA	399130.025	NA	121	399130.135	6594639	115257	6594730	354490.18
train	control	nanjing_p_4_control	go	1	458.825	32	keydown	go_down	NA	NA	NA	1	106	0	399131.285	399995.92	400861.765	401337.26	NA	401431.82	NA	122	401431.885	6594639	115257	6594730	356791.93
train	test	nobrand_a_5_test	nogo	1	null	NA	NA	NA	NA	NA	NA	1	107	0	401433.02	402427.13	402943.43	403942.4	NA	404941.55	NA	123	404941.64	6594639	115257	6594731	360301.685
train	control	liqun_p_4_control	go	1	627.48	32	keydown	go_down	NA	NA	NA	1	108	0	404942.875	405607.58	406423.645	407067.78	NA	407170.81	NA	124	407170.875	6594639	115257	6594732	362530.92
train	control	yuxi_p_3_control	nogo	1	null	NA	NA	NA	NA	NA	NA	1	109	0	407172.06	408055.57	408738.295	409737.335	NA	410736.555	NA	125	410736.67	6594639	115257	6594733	366096.715
train	test	nobrand_p_6_test	go	1	465.815	32	keydown	go_down	NA	NA	NA	1	110	0	410738.185	411619.09	412218.57	412701.01	NA	412798.02	NA	126	412798.105	6594639	115257	6594733	368158.15
train	control	nanjing_a_10_control	nogo	1	null	NA	NA	NA	NA	NA	NA	1	111	0	412799.31	413417.57	414150.005	415149.285	NA	416148.475	NA	127	416148.56	6594639	115257	6594734	371508.605
train	test	nanjing_a_10_test	go	1	542.215	32	keydown	go_down	NA	NA	NA	1	112	0	416149.7	416714.675	417297.435	417856.285	NA	417936.255	NA	128	417936.325	6594639	115257	6594734	373296.37
train	control	nanjing_p_4_control	go	1	570.215	32	keydown	go_down	NA	NA	NA	1	113	0	417937.42	418846.13	419495.14	420082.26	NA	420146.185	NA	129	420146.255	6594639	115257	6594735	375506.3
train	test	nobrand_p_6_test	nogo	1	null	NA	NA	NA	NA	NA	NA	1	114	0	420147.45	420911	421710.265	422709.39	NA	423708.505	NA	130	423708.585	6594639	115257	6594736	379068.63
train	test	nobrand_a_8_test	nogo	1	null	NA	NA	NA	NA	NA	NA	1	115	0	423709.7	424541.055	425157.25	426156.365	NA	427155.54	NA	131	427155.625	6594639	115257	6594737	382515.67
train	test	nanjing_a_10_test	nogo	1	null	NA	NA	NA	NA	NA	NA	1	116	0	427156.71	427854.955	428687.48	429686.61	NA	430685.74	NA	132	430685.815	6594639	115257	6594738	386045.86
train	test	nobrand_p_7_test	nogo	1	null	NA	NA	NA	NA	NA	NA	1	117	0	430686.99	431568.215	432350.935	433350.155	NA	434349.19	NA	133	434349.27	6594639	115257	6594738	389709.315
train	control	nobrand_a_5_control	go	1	629.04	32	keydown	go_down	NA	NA	NA	1	118	0	434350.665	434965.305	435764.7	436410.395	NA	436471.39	NA	134	436471.455	6594639	115257	6594739	391831.5
train	test	nobrand_a_5_test	nogo	1	null	NA	NA	NA	NA	NA	NA	1	119	0	436472.63	437263.36	438179.49	439178.305	NA	440177.555	NA	135	440177.635	6594639	115257	6594740	395537.68
train	control	yuxi_a_4_control	go	1	589.745	32	keydown	go_down	NA	NA	NA	1	120	0	440178.85	441026.77	441842.59	442448.985	NA	442524.74	NA	136	442524.815	6594639	115257	6594741	397884.86
train	test	nobrand_p_6_test	go	1	820.27	32	keydown	go_down	NA	NA	NA	1	121	0	442525.94	443141.59	444057.405	444894.31	NA	444971.875	NA	137	444971.945	6594639	115257	6594741	400331.99
train	control	liqun_p_4_control	go	1	735.75	32	keydown	go_down	NA	NA	NA	1	122	0	444973.12	445506.15	446505.525	447258.11	NA	447344.46	NA	138	447344.535	6594639	115257	6594742	402704.58
train	control	nobrand_a_5_control	go	1	504.37	32	keydown	go_down	NA	NA	NA	1	123	0	447345.7	448337.015	448969.925	449491.125	NA	449563.385	NA	139	449563.45	6594639	115257	6594742	404923.495
train	test	nanjing_a_10_test	nogo	1	null	NA	NA	NA	NA	NA	NA	1	124	0	449564.56	450202.04	450884.81	451883.955	NA	452883.08	NA	140	452883.165	6594639	115257	6594743	408243.21
train	test	nanjing_p_4_test	nogo	1	null	NA	NA	NA	NA	NA	NA	1	125	0	452884.36	453865.545	454598.18	455597.38	NA	456596.41	NA	141	456596.505	6594639	115257	6594744	411956.55
train	control	nanjing_p_4_control	nogo	1	null	NA	NA	NA	NA	NA	NA	1	126	0	456597.625	457362.335	458111.85	459110.94	NA	460110.035	NA	142	460110.12	6594639	115257	6594745	415470.165
train	test	nobrand_a_5_test	go	1	618.905	32	keydown	go_down	NA	NA	NA	1	127	0	460111.27	460692.825	461592.1	462227.63	NA	462306.64	NA	143	462306.715	6594639	115257	6594745	417666.76
train	test	nobrand_a_5_test	nogo	1	null	NA	NA	NA	NA	NA	NA	1	128	0	462307.915	463090.82	463690.27	464689.44	NA	465688.59	NA	144	465688.685	6594639	115257	6594746	421048.73
train	test	liqun_p_4_test	go	1	613.63	32	keydown	go_down	NA	NA	NA	1	129	0	465689.845	466221.34	466937.42	467567.675	NA	467635.705	NA	145	467635.78	6594639	115257	6594747	422995.825
train	control	nobrand_p_6_control	nogo	1	null	NA	NA	NA	NA	NA	NA	1	130	0	467636.995	468469.475	469385.33	470384.415	NA	471383.56	NA	146	471383.645	6594639	115257	6594748	426743.69
train	test	zhonghua_a_2_test	nogo	1	null	NA	NA	NA	NA	NA	NA	1	131	0	471384.79	472016.28	472782.295	473781.42	NA	474780.625	NA	147	474780.705	6594639	115257	6594749	430140.75
train	control	liqun_p_4_control	go	1	500.08	32	keydown	go_down	NA	NA	NA	1	132	0	474782.32	475729.785	476479.07	476995.77	NA	477062.015	NA	148	477062.09	6594639	115257	6594749	432422.135
train	test	nanjing_a_10_test	go	1	806.545	32	keydown	go_down	NA	NA	NA	1	133	0	477063.61	477678.065	478660.65	479483.88	NA	479557.655	NA	149	479557.72	6594639	115257	6594750	434917.765
train	control	nanjing_a_10_control	nogo	1	null	NA	NA	NA	NA	NA	NA	1	134	0	479558.905	480392.355	481291.74	482290.74	NA	483289.81	NA	150	483289.89	6594639	115257	6594751	438649.935
train	control	nobrand_a_5_control	nogo	1	null	NA	NA	NA	NA	NA	NA	1	135	0	483291.05	483922.56	484522.045	485521.15	NA	486520.37	NA	151	486520.45	6594639	115257	6594752	441880.495
train	control	yuxi_a_4_control	go	1	584.045	32	keydown	go_down	NA	NA	NA	1	136	0	486521.55	487086.545	487702.63	488303.32	NA	488375.77	NA	152	488375.885	6594639	115257	6594752	443735.93
train	test	nobrand_p_6_test	go	1	587.445	32	keydown	go_down	NA	NA	NA	1	137	0	488377.005	489018.155	489934.255	490538.545	NA	490607.525	NA	153	490607.595	6594639	115257	6594753	445967.64
train	test	yuxi_p_3_test	nogo	1	null	NA	NA	NA	NA	NA	NA	1	138	0	490608.71	491199.595	492148.42	493147.845	NA	494146.985	NA	154	494147.075	6594639	115257	6594753	449507.12
train	control	nobrand_p_6_control	go	1	538.335	32	keydown	go_down	NA	NA	NA	1	139	0	494148.22	494663.15	495562.475	496117.995	NA	496198.24	NA	155	496198.31	6594639	115257	6594754	451558.355
train	test	yuxi_a_4_test	go	1	644.595	32	keydown	go_down	NA	NA	NA	1	140	0	496199.44	496944.56	497860.555	498521.985	NA	498596.7	NA	156	498596.765	6594639	115257	6594755	453956.81
train	test	nanjing_p_4_test	nogo	1	null	NA	NA	NA	NA	NA	NA	1	141	0	498597.87	499209.265	500042.125	501040.945	NA	502040.085	NA	157	502040.17	6594639	115257	6594755	457400.215
train	control	nanjing_p_4_control	nogo	1	null	NA	NA	NA	NA	NA	NA	1	142	0	502041.555	503022.52	503905.185	504904.25	NA	505903.51	NA	158	505903.59	6594639	115257	6594756	461263.635
train	test	nobrand_a_5_test	go	1	480.615	32	keydown	go_down	NA	NA	NA	1	143	0	505905.17	506586.165	507119.02	507616.245	NA	507690.875	NA	159	507690.94	6594639	115257	6594757	463050.985
train	control	yuxi_p_3_control	nogo	1	null	NA	NA	NA	NA	NA	NA	1	144	0	507692.19	508201.45	508867.52	509866.92	NA	510865.735	NA	160	510865.82	6594639	115257	6594758	466225.865
train	control	zhonghua_a_2_control	go	1	484.3	32	keydown	go_down	NA	NA	NA	1	145	0	510866.935	511615.04	512397.79	512898.73	NA	512976.25	NA	161	512976.315	6594639	115257	6594758	468336.36
train	test	yuxi_a_4_test	go	1	649.395	32	keydown	go_down	NA	NA	NA	1	146	0	512977.37	513546.725	514246.23	514912.305	NA	514989.985	NA	162	514990.055	6594639	115257	6594759	470350.1
train	control	yuxi_p_3_control	go	1	520.2	32	keydown	go_down	NA	NA	NA	1	147	0	514991.19	515794.78	516310.84	516847.68	NA	516919.495	NA	163	516919.565	6594639	115257	6594759	472279.61
train	test	nanjing_p_4_test	go	1	743.615	32	keydown	go_down	NA	NA	NA	1	148	0	516920.775	517759.755	518425.975	519186.565	NA	519248.38	NA	164	519248.45	6594639	115257	6594760	474608.495
train	control	nobrand_a_8_control	nogo	1	null	NA	NA	NA	NA	NA	NA	1	149	0	519249.61	519757.985	520441.155	521439.805	NA	522438.955	NA	165	522439.04	6594639	115257	6594760	477799.085
train	control	liqun_p_4_control	go	1	474.3	32	keydown	go_down	NA	NA	NA	1	150	0	522440.225	523421.345	524337.265	524828.2	NA	524912.545	NA	166	524912.615	6594639	115257	6594761	480272.66
train	control	nanjing_p_4_control	nogo	1	null	NA	NA	NA	NA	NA	NA	1	151	0	524913.765	525752.75	526652.28	527651.01	NA	528650.475	NA	167	528650.555	6594639	115257	6594762	484010.6
train	control	nanjing_a_10_control	nogo	1	null	NA	NA	NA	NA	NA	NA	1	152	0	528651.67	529366.31	530298.715	531297.95	NA	532297.01	NA	168	532297.095	6594639	115257	6594763	487657.14
train	test	nobrand_a_5_test	nogo	2	790.185	32	keydown	go_down	NA	NA	NA	1	153	0	532298.355	532963.025	533562.64	534369.95	NA	535377.655	NA	169	535377.745	6594639	115257	6594764	490737.79
train	test	nobrand_a_5_test	nogo	2	154.915	all	mousedown	go_down	NA	NA	NA	1	153	1	535377.75	536043.675	536926.34	537097.965	NA	538108.605	NA	170	538108.705	6594639	115257	6594764	493468.75
train	test	nobrand_a_5_test	nogo	1	null	NA	NA	NA	NA	NA	NA	1	153	2	538108.705	538874.77	539790.47	540789.645	NA	541788.72	NA	171	541788.805	6594639	115257	6594765	497148.85
train	control	liqun_p_4_control	nogo	1	null	NA	NA	NA	NA	NA	NA	1	154	0	541789.985	542637.91	543503.955	544503.04	NA	545502.16	NA	172	545502.245	6594639	115257	6594766	500862.29
train	control	nobrand_p_7_control	go	2	null	NA	NA	NA	NA	NA	NA	1	155	0	545503.375	546051.665	546717.845	547716.855	NA	548732.745	NA	173	548732.83	6594639	115257	6594767	504092.875
train	control	nobrand_p_7_control	go	1	384.305	32	keydown	go_down	NA	NA	NA	1	155	1	548732.835	549298.865	550064.885	550465.845	NA	550519.365	NA	174	550519.435	6594639	115257	6594768	505879.48
train	control	zhonghua_a_2_control	go	2	null	NA	NA	NA	NA	NA	NA	1	156	0	550520.545	551147.28	551979.775	552978.93	NA	553994.745	NA	175	553994.85	6594639	115257	6594768	509354.895
train	control	zhonghua_a_2_control	go	1	323.765	32	keydown	go_down	NA	NA	NA	1	156	1	553994.855	554577.59	555360.23	555700.715	NA	555775.255	NA	176	555775.32	6594639	115257	6594769	511135.365
train	test	nobrand_p_7_test	nogo	1	null	NA	NA	NA	NA	NA	NA	1	157	0	555776.585	556575.8	557325.42	558324.29	NA	559323.47	NA	177	559323.555	6594639	115257	6594770	514683.6
train	control	nobrand_a_5_control	go	1	557.555	32	keydown	go_down	NA	NA	NA	1	158	0	559324.72	560056.195	560688.895	561263.08	NA	561335.24	NA	178	561335.31	6594639	115257	6594770	516695.355
train	control	nobrand_p_6_control	nogo	1	null	NA	NA	NA	NA	NA	NA	1	159	0	561336.515	562037.73	562970.585	563969.36	NA	564968.54	NA	179	564968.625	6594639	115257	6594771	520328.67
train	test	nanjing_p_4_test	go	1	544.485	32	keydown	go_down	NA	NA	NA	1	160	0	564969.995	565867.75	566433.86	566995.015	NA	567059.245	NA	180	567059.31	6594639	115257	6594772	522419.355
train	control	nanjing_p_4_control	nogo	1	null	NA	NA	NA	NA	NA	NA	1	161	0	567060.445	567832.68	568465.745	569464.62	NA	570463.78	NA	181	570463.865	6594639	115257	6594772	525823.91
train	control	nobrand_p_6_control	go	1	519.525	32	keydown	go_down	NA	NA	NA	1	162	0	570465.12	571196.275	571945.79	572482.06	NA	572566.02	NA	182	572566.095	6594639	115257	6594773	527926.14
train	control	yuxi_p_3_control	go	1	537.71	32	keydown	go_down	NA	NA	NA	1	163	0	572567.225	573094.73	573594.465	574149.04	NA	574223.425	NA	183	574223.5	6594639	115257	6594773	529583.545
train	test	nobrand_a_5_test	nogo	1	null	NA	NA	NA	NA	NA	NA	1	164	0	574224.705	575043.04	575891.765	576891.455	NA	577890.605	NA	184	577890.69	6594639	115257	6594774	533250.735
train	control	nobrand_p_7_control	go	1	866.225	32	keydown	go_down	NA	NA	NA	1	165	0	577891.845	578406.82	579122.86	580005.73	NA	580069.62	NA	185	580069.71	6594639	115257	6594775	535429.755
train	control	nanjing_a_10_control	go	1	513.035	32	keydown	go_down	NA	NA	NA	1	166	0	580070.88	580854.61	581736.445	582266.21	NA	582340.35	NA	186	582340.45	6594639	115257	6594775	537700.495
train	control	nobrand_p_6_control	go	1	514.265	32	keydown	go_down	NA	NA	NA	1	167	0	582341.615	583185.935	583802.3	584333.455	NA	584405.98	NA	187	584406.05	6594639	115257	6594776	539766.095
train	test	liqun_p_4_test	nogo	1	null	NA	NA	NA	NA	NA	NA	1	168	0	584407.19	585134.225	585867.135	586866.09	NA	587865.175	NA	188	587865.255	6594639	115257	6594777	543225.3
train	control	nobrand_a_8_control	go	1	555.33	32	keydown	go_down	NA	NA	NA	1	169	0	587866.455	588731.045	589630.245	590202.675	NA	590284.95	NA	189	590285.03	6594639	115257	6594777	545645.075
train	test	liqun_p_4_test	go	1	571.76	32	keydown	go_down	NA	NA	NA	1	170	0	590286.335	590912.52	591812.115	592400.645	NA	592463.295	NA	190	592463.365	6594639	115257	6594778	547823.41
train	test	liqun_p_4_test	nogo	1	null	NA	NA	NA	NA	NA	NA	1	171	0	592464.485	593127.265	594009.99	595008.925	NA	596008.12	NA	191	596008.205	6594639	115257	6594779	551368.25
train	control	nobrand_p_6_control	nogo	1	null	NA	NA	NA	NA	NA	NA	1	172	0	596009.33	596907.31	597589.975	598589.16	NA	599588.21	NA	192	599588.305	6594639	115257	6594780	554948.35
train	control	nobrand_a_5_control	nogo	1	null	NA	NA	NA	NA	NA	NA	1	173	0	599589.42	600170.995	601003.66	602002.89	NA	603001.89	NA	193	603002.01	6594639	115257	6594781	558362.055
train	control	liqun_p_4_control	nogo	1	null	NA	NA	NA	NA	NA	NA	1	174	0	603003.155	603984.3	604783.78	605782.84	NA	606782.02	NA	194	606782.105	6594639	115257	6594782	562142.15
train	test	nobrand_a_8_test	go	1	865.17	32	keydown	go_down	NA	NA	NA	1	175	0	606783.235	607331.625	607864.38	608746.18	NA	608820.315	NA	195	608820.385	6594639	115257	6594782	564180.43
train	test	nobrand_a_8_test	nogo	1	null	NA	NA	NA	NA	NA	NA	1	176	0	608821.54	609579.57	610162.635	611161.495	NA	612160.68	NA	196	612160.765	6594639	115257	6594783	567520.81
train	control	nobrand_a_8_control	go	1	546.95	32	keydown	go_down	NA	NA	NA	1	177	0	612161.915	613126.48	613975.68	614539.25	NA	614605.74	NA	197	614605.81	6594639	115257	6594784	569965.855
train	test	nanjing_a_10_test	go	1	610.46	32	keydown	go_down	NA	NA	NA	1	178	0	614606.98	615541.205	616140.305	616767.42	NA	616854.5	NA	198	616854.565	6594639	115257	6594784	572214.61
train	test	zhonghua_a_2_test	nogo	1	null	NA	NA	NA	NA	NA	NA	1	179	0	616855.75	617472.685	618105.71	619104.55	NA	620103.63	NA	199	620103.725	6594639	115257	6594785	575463.77
