approach_left	block_type	cat	stim	trial_type	response	rt	id	modality	label	sust	final_response	fb_response	fb_rt	fb_id	block	trial	attempt	time_start	time_fix	time_stimulus_show	time_response	time_release	time_extend_incorrect	time_log	sn	logger_sn	logger_time	participation_id	UserID	RunID	rel_time
FALSE	practice	practice	practice	approach	2	482.165	38	keydown	up_down	TRUE	2	NA	NA	NA	0	0	0	17701.055	18240.17	19187.875	19686.695	20088.215	20193.34	20704.235	NA	0	20704.565	6594254	115257	6594256	0
FALSE	practice	practice	practice	approach	1	286.215	40	keydown	down_down	TRUE	1	NA	NA	NA	0	0	1	20704.62	21587.025	22569.05	22871.875	23285.885	20193.34	23392.885	NA	1	23392.995	6594254	115257	6594257	2688.43
FALSE	practice	practice	practice	approach	1	895.27	40	keydown	down_down	TRUE	1	NA	NA	NA	0	1	0	23393.535	24284.47	24967.29	25879.34	26283.525	NA	26298.25	NA	2	26298.35	6594254	115257	6594258	5593.785
FALSE	practice	practice	practice	avoid	1	527.18	38	keydown	up_down	TRUE	1	NA	NA	NA	0	2	0	26298.61	27216.31	27932.03	28475.885	28880.47	NA	28952.955	NA	3	28953.035	6594254	115257	6594258	8248.47
FALSE	practice	practice	practice	approach	1	395.255	40	keydown	down_down	TRUE	1	NA	NA	NA	0	3	0	28953.24	29679.65	30563.235	30975.185	31378.605	NA	31430.86	NA	4	31430.96	6594254	115257	6594259	10726.395
FALSE	practice	practice	practice	avoid	1	625.185	38	keydown	up_down	TRUE	1	NA	NA	NA	0	4	0	31431.18	32044.315	32861.58	33503.45	33909.465	NA	33994.27	NA	5	33994.35	6594254	115257	6594259	13289.785
FALSE	practice	practice	practice	avoid	1	623.01	38	keydown	up_down	TRUE	1	NA	NA	NA	0	5	0	33994.715	34509.725	35041.495	35681.235	36090.99	NA	36150.87	NA	6	36150.95	6594254	115257	6594260	15446.385
FALSE	practice	practice	practice	approach	1	617.795	40	keydown	down_down	TRUE	1	NA	NA	NA	0	6	0	36151.2	36772.705	37756.965	38391.43	38805.375	NA	38816.65	NA	7	38816.725	6594254	115257	6594261	18112.16
FALSE	practice	practice	practice	avoid	1	602.235	38	keydown	up_down	TRUE	1	NA	NA	NA	0	7	0	38816.94	39737.78	40386.175	41005.05	41419.65	NA	41461.17	NA	8	41461.26	6594254	115257	6594261	20756.695
FALSE	practice	practice	practice	approach	1	433.14	40	keydown	down_down	TRUE	1	NA	NA	NA	0	8	0	41461.49	42251.99	42834.75	43284.58	43701.125	NA	43702.565	NA	9	43702.66	6594254	115257	6594262	22998.095
FALSE	practice	practice	practice	avoid	1	447.375	38	keydown	up_down	TRUE	1	NA	NA	NA	0	9	0	43702.915	44268.055	44965.745	45430.175	45832.395	NA	45886.14	NA	10	45886.225	6594254	115257	6594262	25181.66
FALSE	train	control	nobrand_a_6_control	approach	1	912.795	40	keydown	down_down	FALSE	1	NA	NA	NA	1	0	0	47868.445	48679.69	50730.23	51043.695	51345.875	NA	51521.21	NA	11	51521.335	6594254	115257	6594264	30816.77
FALSE	train	test	zhonghua_a_3_test	avoid	1	442.81	38	keydown	up_down	TRUE	1	NA	NA	NA	1	1	0	51521.71	52276.635	52991.755	53560.875	54008.42	NA	54071.67	NA	12	54071.755	6594254	115257	6594264	33367.19
FALSE	train	test	nanjing_p_7_test	avoid	1	972.095	38	keydown	up_down	TRUE	1	NA	NA	NA	1	2	0	54072.025	54807.73	55323.915	56415.7	56822.865	NA	56886.47	NA	13	56886.555	6594254	115257	6594265	36181.99
FALSE	train	control	hongshuangxi_p_5_control	approach	1	459.095	40	keydown	down_down	TRUE	1	NA	NA	NA	1	3	0	56886.825	57755.865	58504.19	59067.9	59470.71	NA	59526.75	NA	14	59526.85	6594254	115257	6594266	38822.285
FALSE	train	control	nanjing_a_3_control	avoid	1	511.81	38	keydown	up_down	TRUE	1	NA	NA	NA	1	4	0	59527.13	60468.305	61018.215	61646.13	62051.55	NA	62115.13	NA	15	62115.205	6594254	115257	6594266	41410.64
FALSE	train	control	yuxi_p_8_control	avoid	1	837.115	38	keydown	up_down	TRUE	1	NA	NA	NA	1	5	0	62115.455	62867.435	63833.105	64779.505	65182.165	NA	65245.83	NA	16	65245.92	6594254	115257	6594267	44541.355
FALSE	train	test	zhonghua_a_10_test	approach	1	751.61	40	keydown	down_down	TRUE	1	NA	NA	NA	1	6	0	65246.195	66130.645	67047.01	67909.115	68313.005	NA	68362.47	NA	17	68362.56	6594254	115257	6594268	47657.995
FALSE	train	test	yuxi_a_9_test	approach	1	567.93	40	keydown	down_down	FALSE	1	NA	NA	NA	1	7	0	68362.815	69213.815	70814.325	71273.165	71454.38	NA	71454.41	NA	18	71454.51	6594254	115257	6594269	50749.945
FALSE	train	control	hongshuangxi_p_5_control	avoid	1	761.6	38	keydown	up_down	TRUE	1	NA	NA	NA	1	8	0	71454.97	72125.82	72725.505	73503.935	73907.925	NA	74014.485	NA	19	74014.565	6594254	115257	6594269	53310
FALSE	train	control	zhonghua_a_10_control	approach	1	871.705	40	keydown	down_down	TRUE	1	NA	NA	NA	1	9	0	74014.785	74806.95	75723.32	76717.92	77122.015	NA	77203.66	NA	20	77203.755	6594254	115257	6594270	56499.19
FALSE	train	control	hongshuangxi_p_4_control	avoid	1	681.93	38	keydown	up_down	TRUE	1	NA	NA	NA	1	10	0	77204.035	77987.415	78753.875	79539.19	79952.715	NA	80048.805	NA	21	80048.89	6594254	115257	6594271	59344.325
FALSE	train	control	yuxi_a_9_control	approach	1	588.885	40	keydown	down_down	TRUE	1	NA	NA	NA	1	11	0	80049.34	80569.13	81501.485	82204.285	82617.44	NA	82678.175	NA	22	82678.255	6594254	115257	6594272	61973.69
FALSE	train	test	liqun_p_1_test	avoid	1	509.665	38	keydown	up_down	TRUE	1	NA	NA	NA	1	12	0	82678.54	83499.605	84430.97	85054.36	85464.535	NA	85554.24	NA	23	85554.315	6594254	115257	6594272	64849.75
FALSE	train	control	yuxi_p_8_control	approach	1	550.6	40	keydown	down_down	TRUE	1	NA	NA	NA	1	13	0	85554.58	86296.825	87229.28	87796.565	88228.86	NA	88265.49	NA	24	88265.56	6594254	115257	6594273	67560.995
FALSE	train	control	zhonghua_a_1_control	approach	1	651.575	40	keydown	down_down	TRUE	1	NA	NA	NA	1	14	0	88265.81	89110.695	89743.11	90512.405	90930.705	NA	90930.72	NA	25	90930.84	6594254	115257	6594274	70226.275
FALSE	train	test	nanjing_a_4_test	avoid	1	417.715	38	keydown	up_down	TRUE	1	NA	NA	NA	1	15	0	90931.26	91891.865	92607.015	93136.32	93540.575	NA	93651.99	NA	26	93652.065	6594254	115257	6594274	72947.5
FALSE	train	test	zhonghua_a_10_test	avoid	1	509.38	38	keydown	up_down	TRUE	1	NA	NA	NA	1	16	0	93652.305	94506.48	95238.885	95764.925	96221.615	NA	96269.855	NA	27	96269.95	6594254	115257	6594275	75565.385
FALSE	train	control	yuxi_p_10_control	avoid	1	457.01	38	keydown	up_down	TRUE	1	NA	NA	NA	1	17	0	96270.165	96922.005	97570.125	98138.71	98553.14	NA	98644.88	NA	28	98644.955	6594254	115257	6594276	77940.39
FALSE	train	control	yuxi_p_10_control	approach	1	491.925	40	keydown	down_down	TRUE	1	NA	NA	NA	1	18	0	98645.23	99185.095	99850	100358.56	100768.075	NA	100806.625	NA	29	100806.71	6594254	115257	6594276	80102.145
FALSE	train	control	liqun_a_9_control	approach	1	615.52	40	keydown	down_down	TRUE	1	NA	NA	NA	1	19	0	100806.95	101516.81	102049.3	102784.67	103217.765	NA	103261.14	NA	30	103261.23	6594254	115257	6594277	82556.665
FALSE	train	test	yuxi_p_8_test	avoid	1	437.69	38	keydown	up_down	TRUE	1	NA	NA	NA	1	20	0	103261.505	104048.285	104763.88	105314.375	105763.26	NA	105832.535	NA	31	105832.615	6594254	115257	6594277	85128.05
FALSE	train	test	hongshuangxi_a_7_test	approach	1	774.12	40	keydown	down_down	TRUE	1	NA	NA	NA	1	21	0	105832.86	106746.865	107627.845	108503	108911.14	NA	108973.425	NA	32	108973.5	6594254	115257	6594278	88268.935
FALSE	train	control	zhonghua_a_3_control	avoid	1	575.075	38	keydown	up_down	TRUE	1	NA	NA	NA	1	22	0	108973.77	109609.905	110375.465	111060.425	111475.215	NA	111534.03	NA	33	111534.1	6594254	115257	6594279	90829.535
FALSE	train	test	liqun_p_3_test	approach	1	530.81	40	keydown	down_down	TRUE	1	NA	NA	NA	1	23	0	111534.34	112257.435	113156.815	113797.605	114206.535	NA	114253.16	NA	34	114253.245	6594254	115257	6594280	93548.68
FALSE	train	test	nanjing_a_4_test	approach	1	555.48	40	keydown	down_down	FALSE	1	NA	NA	NA	1	24	0	114253.54	115173.85	116484.945	116605.91	116970.325	NA	117038.945	NA	35	117039.035	6594254	115257	6594280	96334.47
FALSE	train	test	nobrand_a_6_test	approach	1	580.31	40	keydown	down_down	TRUE	1	NA	NA	NA	1	25	0	117039.415	117969.725	118901.71	119601.625	120037.66	NA	120102.61	NA	36	120102.715	6594254	115257	6594281	99398.15
FALSE	train	control	nanjing_p_1_control	avoid	1	746.38	38	keydown	up_down	TRUE	1	NA	NA	NA	1	26	0	120102.95	120616.42	121466.48	122327.4	122732.085	NA	122806.97	NA	37	122807.045	6594254	115257	6594282	102102.48
FALSE	train	test	liqun_a_9_test	avoid	1	556.205	38	keydown	up_down	TRUE	1	NA	NA	NA	1	27	0	122807.285	123347.015	124229.615	124895.825	125296.37	NA	125371.405	NA	38	125371.495	6594254	115257	6594282	104666.93
FALSE	train	control	nobrand_a_6_control	avoid	1	494.015	38	keydown	up_down	TRUE	1	NA	NA	NA	1	28	0	125371.845	126260.97	126978.025	127584.29	128010.61	NA	128073.58	NA	39	128073.655	6594254	115257	6594283	107369.09
FALSE	train	control	nanjing_a_3_control	approach	1	555.78	40	keydown	down_down	TRUE	1	NA	NA	NA	1	29	0	128073.855	128643.67	129357.175	130018.355	130425.415	NA	130506.125	NA	40	130506.195	6594254	115257	6594284	109801.63
FALSE	train	test	nanjing_p_8_test	avoid	1	482.76	38	keydown	up_down	TRUE	1	NA	NA	NA	1	30	0	130506.405	131390.565	132173.02	132764.92	133172.88	NA	133253.11	NA	41	133253.185	6594254	115257	6594284	112548.62
FALSE	train	control	liqun_p_1_control	avoid	1	590.52	38	keydown	up_down	TRUE	1	NA	NA	NA	1	31	0	133253.43	133790.435	134354.7	135053.735	135454.045	NA	135509.53	NA	42	135509.605	6594254	115257	6594285	114805.04
FALSE	train	control	nanjing_p_8_control	approach	1	517.67	40	keydown	down_down	TRUE	1	NA	NA	NA	1	32	0	135509.85	136053.515	137036.735	137665.61	138068.735	NA	138158.005	NA	43	138158.085	6594254	115257	6594285	117453.52
FALSE	train	control	liqun_a_9_control	avoid	1	485.035	38	keydown	up_down	TRUE	1	NA	NA	NA	1	33	0	138158.37	138700.915	139416.72	140018.54	140466.275	NA	140526.45	NA	44	140526.525	6594254	115257	6594286	119821.96
FALSE	train	control	zhonghua_a_10_control	avoid	1	426.095	38	keydown	up_down	TRUE	1	NA	NA	NA	1	34	0	140526.72	141282.87	142246.72	142783.505	143197.565	NA	143324.075	NA	45	143324.16	6594254	115257	6594287	122619.595
FALSE	train	test	nanjing_p_8_test	approach	1	430.26	40	keydown	down_down	TRUE	1	NA	NA	NA	1	35	0	143324.385	143979.81	144579.745	145026.685	145429.15	NA	145534.92	NA	46	145534.995	6594254	115257	6594287	124830.43
FALSE	train	control	liqun_p_1_control	approach	2	432.12	38	keydown	up_down	FALSE	1	NA	NA	NA	1	36	0	145535.19	146461	147931.725	148132.995	148593.15	NA	148703.515	NA	47	148703.6	6594254	115257	6594288	127999.035
FALSE	train	test	nanjing_p_1_test	avoid	1	347.405	38	keydown	up_down	TRUE	1	NA	NA	NA	1	37	0	148703.805	149374.98	150257.72	150727.395	151140.32	NA	151196.645	NA	48	151196.715	6594254	115257	6594289	130492.15
FALSE	train	control	zhonghua_a_7_control	approach	1	465.62	40	keydown	down_down	TRUE	1	NA	NA	NA	1	38	0	151196.955	152157.535	152887.78	153461.885	153871.28	NA	153929.975	NA	49	153930.06	6594254	115257	6594289	133225.495
FALSE	train	test	nanjing_a_3_test	avoid	1	482.51	38	keydown	up_down	TRUE	1	NA	NA	NA	1	39	0	153930.33	154670.825	155286.645	155885.715	156286.26	NA	156371.4	NA	50	156371.475	6594254	115257	6594290	135666.91
FALSE	train	test	zhonghua_a_1_test	approach	1	493.955	40	keydown	down_down	TRUE	1	NA	NA	NA	1	40	0	156371.715	157235.535	157832.175	158438.185	158868.375	NA	158893.955	NA	51	158894.045	6594254	115257	6594291	138189.48
FALSE	train	test	nanjing_p_1_test	approach	1	727.335	40	keydown	down_down	TRUE	1	NA	NA	NA	1	41	0	158894.32	159449.525	159981.965	160725.92	161131.935	NA	161187.915	NA	52	161188	6594254	115257	6594291	140483.435
FALSE	train	test	hongshuangxi_a_7_test	avoid	1	451.23	38	keydown	up_down	TRUE	1	NA	NA	NA	1	42	0	161188.215	162062.885	162680.22	163244.64	163646.065	NA	163754.925	NA	53	163755.065	6594254	115257	6594292	143050.5
FALSE	train	control	zhonghua_a_3_control	approach	1	526.56	40	keydown	down_down	TRUE	1	NA	NA	NA	1	43	0	163755.435	164379.57	165062.015	165700.105	166110.915	NA	166132.5	NA	54	166132.585	6594254	115257	6594292	145428.02
FALSE	train	control	nanjing_p_7_control	avoid	1	357.125	38	keydown	up_down	TRUE	1	NA	NA	NA	1	44	0	166132.815	166926.47	167575.955	168044.345	168458.575	NA	168527.75	NA	55	168527.825	6594254	115257	6594293	147823.26
FALSE	train	control	yuxi_a_9_control	avoid	1	538.92	38	keydown	up_down	TRUE	1	NA	NA	NA	1	45	0	168528.075	169224.715	169941.36	170586.995	170989.785	NA	171074.69	NA	56	171074.765	6594254	115257	6594294	150370.2
FALSE	train	test	hongshuangxi_p_4_test	avoid	1	450.255	38	keydown	up_down	TRUE	1	NA	NA	NA	1	46	0	171074.965	172054.68	172972.13	173539.05	173953.92	NA	174057	NA	57	174057.07	6594254	115257	6594294	153352.505
FALSE	train	test	hongshuangxi_p_4_test	approach	1	434.615	40	keydown	down_down	TRUE	1	NA	NA	NA	1	47	0	174057.35	174835.185	175750.85	176202.285	176618.31	NA	176619.245	NA	58	176619.37	6594254	115257	6594295	155914.805
FALSE	train	control	nanjing_p_7_control	approach	1	464.2	40	keydown	down_down	TRUE	1	NA	NA	NA	1	48	0	176619.72	177250.77	178033.605	178514.56	178916.355	NA	179001.99	NA	59	179002.065	6594254	115257	6594296	158297.5
FALSE	train	test	liqun_p_1_test	approach	1	559.65	40	keydown	down_down	TRUE	1	NA	NA	NA	1	49	0	179002.265	179565.585	180064.875	180735.92	181164.835	NA	181191.17	NA	60	181191.255	6594254	115257	6594296	160486.69
FALSE	train	control	nanjing_a_4_control	approach	1	442.03	40	keydown	down_down	TRUE	1	NA	NA	NA	1	50	0	181191.48	182179.165	183045.585	183593.695	183995.425	NA	184065.63	NA	61	184065.705	6594254	115257	6594297	163361.14
FALSE	train	test	zhonghua_a_7_test	avoid	1	425.21	38	keydown	up_down	TRUE	1	NA	NA	NA	1	51	0	184065.95	184894.69	185676.73	186217.955	186625.97	NA	186723.14	NA	62	186723.21	6594254	115257	6594298	166018.645
FALSE	train	test	nanjing_p_7_test	approach	1	403.14	40	keydown	down_down	TRUE	1	NA	NA	NA	1	52	0	186723.46	187224.82	188191.655	188715.78	189124.185	NA	189237.36	NA	63	189237.43	6594254	115257	6594298	168532.865
FALSE	train	test	zhonghua_a_3_test	approach	1	509.515	40	keydown	down_down	TRUE	1	NA	NA	NA	1	53	0	189237.635	189839.38	190788.14	191421.365	191821.78	NA	191936.445	NA	64	191936.52	6594254	115257	6594299	171231.955
FALSE	train	control	liqun_p_3_control	approach	1	441.6	40	keydown	down_down	TRUE	1	NA	NA	NA	1	54	0	191936.735	192654.375	193484.425	194040.22	194453.145	NA	194506.065	NA	65	194506.155	6594254	115257	6594300	173801.59
FALSE	train	control	hongshuangxi_a_7_control	approach	1	434.96	40	keydown	down_down	TRUE	1	NA	NA	NA	1	55	0	194506.505	195201.67	195851.27	196403.195	196817.925	NA	196844.765	NA	66	196844.85	6594254	115257	6594300	176140.285
FALSE	train	test	liqun_p_3_test	avoid	1	451.695	38	keydown	up_down	TRUE	1	NA	NA	NA	1	56	0	196845.135	197416.385	197931.445	198509.27	198915.54	NA	199004.71	NA	67	199004.78	6594254	115257	6594301	178300.215
FALSE	train	test	zhonghua_a_7_test	approach	1	398.715	40	keydown	down_down	TRUE	1	NA	NA	NA	1	57	0	199004.985	199897.715	200547.555	200962.97	201363.525	NA	201391.05	NA	68	201391.14	6594254	115257	6594301	180686.575
FALSE	train	test	nanjing_a_3_test	approach	1	482.875	40	keydown	down_down	TRUE	1	NA	NA	NA	1	58	0	201391.365	202295.825	202878.355	203463.41	203878.27	NA	203971.7	NA	69	203971.775	6594254	115257	6594302	183267.21
FALSE	train	control	hongshuangxi_p_4_control	approach	1	456.165	40	keydown	down_down	TRUE	1	NA	NA	NA	1	59	0	203971.98	204526.565	205026.2	205598.375	206009.325	NA	206046.735	NA	70	206046.825	6594254	115257	6594302	185342.26
FALSE	train	test	hongshuangxi_p_5_test	avoid	1	489.625	38	keydown	up_down	TRUE	1	NA	NA	NA	1	60	0	206047.055	206957.99	207657.25	208255.36	208656.925	NA	208684.88	NA	71	208684.95	6594254	115257	6594303	187980.385
FALSE	train	test	yuxi_p_10_test	approach	1	477.085	40	keydown	down_down	TRUE	1	NA	NA	NA	1	61	0	208685.2	209521.82	210089.36	210677.035	211088.22	NA	211094.86	NA	72	211094.945	6594254	115257	6594304	190390.38
FALSE	train	control	nanjing_a_4_control	avoid	1	876.35	38	keydown	up_down	TRUE	1	NA	NA	NA	1	62	0	211095.26	212053.83	212602.86	213495.855	213919.095	NA	214003.1	NA	73	214003.17	6594254	115257	6594304	193298.605
FALSE	train	control	zhonghua_a_7_control	avoid	1	590.02	38	keydown	up_down	TRUE	1	NA	NA	NA	1	63	0	214003.365	214634.845	215535.1	216238.225	216683.085	NA	216708.55	NA	74	216708.645	6594254	115257	6594305	196004.08
FALSE	train	control	nanjing_p_2_control	approach	1	429.32	40	keydown	down_down	FALSE	1	NA	NA	NA	1	64	0	216708.85	217648.165	219259.13	219692.345	219897.055	NA	220071.75	NA	75	220071.83	6594254	115257	6594306	199367.265
FALSE	train	test	yuxi_p_10_test	avoid	1	413.715	38	keydown	up_down	TRUE	1	NA	NA	NA	1	65	0	220072.09	220929.425	221511.325	221941.665	222344.9	NA	222401.1	NA	76	222401.175	6594254	115257	6594307	201696.61
FALSE	train	test	hongshuangxi_p_5_test	approach	1	420.11	40	keydown	down_down	TRUE	1	NA	NA	NA	1	66	0	222401.38	223110.07	223827.59	224264.375	224676.47	NA	224746.775	NA	77	224746.87	6594254	115257	6594307	204042.305
FALSE	train	control	nanjing_p_8_control	avoid	1	359.895	38	keydown	up_down	TRUE	1	NA	NA	NA	1	67	0	224747.11	225623.625	226557.595	227022.03	227423.845	NA	227504.37	NA	78	227504.445	6594254	115257	6594308	206799.88
FALSE	train	test	nanjing_p_2_test	avoid	1	610.955	38	keydown	up_down	TRUE	1	NA	NA	NA	1	68	0	227504.65	228405.17	228939.515	229656.89	230071.59	NA	230161.055	NA	79	230161.13	6594254	115257	6594308	209456.565
FALSE	train	test	liqun_a_9_test	approach	1	433.425	40	keydown	down_down	TRUE	1	NA	NA	NA	1	69	0	230161.385	230870.9	231436.77	231977.32	232386.655	NA	232443.58	NA	80	232443.665	6594254	115257	6594309	211739.1
FALSE	train	control	nanjing_p_1_control	approach	1	535.98	40	keydown	down_down	TRUE	1	NA	NA	NA	1	70	0	232443.885	233284.46	233851.39	234498.275	234901.01	NA	235003.9	NA	81	235003.975	6594254	115257	6594310	214299.41
FALSE	train	test	yuxi_a_9_test	avoid	1	383.16	38	keydown	up_down	TRUE	1	NA	NA	NA	1	71	0	235004.205	235949.69	236681.405	237172.78	237581.55	NA	237652.865	NA	82	237652.94	6594254	115257	6594310	216948.375
FALSE	train	test	yuxi_p_8_test	approach	1	446.585	40	keydown	down_down	TRUE	1	NA	NA	NA	1	72	0	237653.135	238197.62	238996.64	239553.545	239963.08	NA	240001.335	NA	83	240001.415	6594254	115257	6594311	219296.85
FALSE	train	control	liqun_p_3_control	avoid	1	376.655	38	keydown	up_down	TRUE	1	NA	NA	NA	1	73	0	240001.65	240895.305	241644.125	242134.435	242543.955	NA	242593.7	NA	84	242593.775	6594254	115257	6594312	221889.21
FALSE	train	control	hongshuangxi_a_7_control	avoid	1	559.665	38	keydown	up_down	TRUE	1	NA	NA	NA	1	74	0	242593.985	243525.65	244292.37	244964.49	245407.96	NA	245470.72	NA	85	245470.8	6594254	115257	6594312	224766.235
FALSE	train	test	zhonghua_a_1_test	avoid	1	545.21	38	keydown	up_down	TRUE	1	NA	NA	NA	1	75	0	245471.02	245990.69	246857.04	247503.98	247905.82	NA	248014.465	NA	86	248014.555	6594254	115257	6594313	227309.99
FALSE	train	test	nanjing_p_2_test	approach	1	460.86	40	keydown	down_down	TRUE	1	NA	NA	NA	1	76	0	248014.775	248605.26	249337.67	249815.165	250275.73	NA	250324.89	NA	87	250324.975	6594254	115257	6594314	229620.41
FALSE	train	control	zhonghua_a_1_control	avoid	1	443.575	38	keydown	up_down	TRUE	1	NA	NA	NA	1	77	0	250325.21	250869.95	251669.28	252222.3	252635.19	NA	252717.15	NA	88	252717.235	6594254	115257	6594314	232012.67
FALSE	train	test	nobrand_a_6_test	avoid	1	608.31	38	keydown	up_down	TRUE	1	NA	NA	NA	1	78	0	252717.46	253550.85	254266.54	254996.745	255399.51	NA	255506.455	NA	89	255506.55	6594254	115257	6594315	234801.985
FALSE	train	control	nanjing_p_2_control	avoid	1	582.575	38	keydown	up_down	TRUE	1	NA	NA	NA	1	79	0	255506.755	256064.6	257014.54	257614.27	258030.535	NA	258180.585	NA	90	258180.66	6594254	115257	6594315	237476.095
FALSE	train	test	nobrand_a_6_test	approach	1	647.655	40	keydown	down_down	TRUE	1	NA	NA	NA	2	0	0	260466.35	261211.285	261910.07	262574.37	262976.385	NA	263054.035	NA	91	263054.125	6594254	115257	6594317	242349.56
FALSE	practice	practice	practice	approach	2	724.77	38	keydown	up_down	TRUE	2	NA	NA	NA	0	0	0	26782.07	27754.69	28620.02	29361.45	29769.275	29899.905	30368.485	NA	0	30368.87	6594467	115257	6594470	0
FALSE	practice	practice	practice	approach	1	278.585	40	keydown	down_down	TRUE	1	NA	NA	NA	0	0	1	30368.9	31068.42	31850.5	32145.755	32550.43	29899.905	32606.895	NA	1	32607.025	6594467	115257	6594470	2238.155
FALSE	practice	practice	practice	avoid	1	538.925	38	keydown	up_down	TRUE	1	NA	NA	NA	0	1	0	32607.69	33449.38	34231.535	34787.11	35197.85	NA	35294.18	NA	2	35294.3	6594467	115257	6594471	4925.43
FALSE	practice	practice	practice	approach	1	488.95	40	keydown	down_down	TRUE	1	NA	NA	NA	0	2	0	35294.55	35980.815	36513.27	37018.64	37430.095	NA	37486.23	NA	3	37486.31	6594467	115257	6594471	7117.44
FALSE	practice	practice	practice	avoid	1	321.625	38	keydown	up_down	TRUE	1	NA	NA	NA	0	3	0	37486.525	38494.67	39144.26	39482.7	39893.69	NA	39989.915	NA	4	39990.005	6594467	115257	6594472	9621.135
FALSE	practice	practice	practice	avoid	1	572.35	38	keydown	up_down	TRUE	1	NA	NA	NA	0	4	0	39990.255	40924.925	41625.32	42214.445	42624.895	NA	42690.585	NA	5	42690.67	6594467	115257	6594473	12321.8
FALSE	practice	practice	practice	approach	1	429.96	40	keydown	down_down	TRUE	1	NA	NA	NA	0	5	0	42690.92	43390.04	43923.465	44370.305	44773.09	NA	44821.935	NA	6	44822.03	6594467	115257	6594473	14453.16
FALSE	practice	practice	practice	approach	1	498.38	40	keydown	down_down	TRUE	1	NA	NA	NA	0	6	0	44822.32	45687.595	46687.45	47202.925	47603.88	NA	47674.235	NA	7	47674.345	6594467	115257	6594474	17305.475
FALSE	practice	practice	practice	approach	1	530.875	40	keydown	down_down	TRUE	1	NA	NA	NA	0	7	0	47674.555	48471.185	49201.745	49749.305	50151.705	NA	50205.185	NA	8	50205.28	6594467	115257	6594474	19836.41
FALSE	practice	practice	practice	avoid	1	468.485	38	keydown	up_down	TRUE	1	NA	NA	NA	0	8	0	50205.51	50834.97	51616.05	52101.17	52516.165	NA	52526.485	NA	9	52526.575	6594467	115257	6594475	22157.705
FALSE	practice	practice	practice	avoid	1	511.36	38	keydown	up_down	TRUE	1	NA	NA	NA	0	9	0	52526.92	53149.12	54013.145	54541.41	54947.235	NA	55027.82	NA	10	55027.9	6594467	115257	6594476	24659.03
FALSE	train	filler	filler_1	approach	2	726.16	38	keydown	up_down	TRUE	2	NA	NA	NA	1	0	0	57347.53	58360.845	58976.99	59720.23	60126.12	60227.44	60741.85	NA	11	60742.075	6594467	115257	6594477	30373.205
FALSE	train	filler	filler_1	approach	1	369.43	40	keydown	down_down	TRUE	1	NA	NA	NA	1	0	1	60742.085	61708.115	62457	62843.115	63256.955	60227.44	63363.56	NA	12	63363.645	6594467	115257	6594478	32994.775
FALSE	train	control	zhonghua_a_6_control	approach	2	674.37	38	keydown	up_down	TRUE	2	NA	NA	NA	1	1	0	63363.935	64222.85	65187.68	65982.715	66387.57	66531.64	66987.64	NA	13	66987.745	6594467	115257	6594479	36618.875
FALSE	train	control	zhonghua_a_6_control	approach	1	429.085	40	keydown	down_down	TRUE	1	NA	NA	NA	1	1	1	66987.755	67818.685	68701.64	69147.375	69551.445	66531.64	69664.045	NA	14	69664.155	6594467	115257	6594479	39295.285
FALSE	train	control	liqun_p_5_control	approach	1	544.905	40	keydown	down_down	TRUE	1	NA	NA	NA	1	2	0	69664.44	70267.27	71099.495	71755.44	72165.51	NA	72265.555	NA	15	72265.635	6594467	115257	6594480	41896.765
FALSE	train	test	zhonghua_a_8_test	avoid	1	677.935	38	keydown	up_down	TRUE	1	NA	NA	NA	1	3	0	72265.94	72848.195	73530.68	74330.885	74746.715	NA	74887.03	NA	16	74887.14	6594467	115257	6594481	44518.27
FALSE	train	test	nobrand_p_2_test	avoid	1	568.895	38	keydown	up_down	TRUE	1	NA	NA	NA	1	4	0	74887.42	75879.05	76827.565	77499	77910.89	NA	78050.925	NA	17	78051.02	6594467	115257	6594481	47682.15
FALSE	train	control	nanjing_p_5_control	avoid	1	511.505	38	keydown	up_down	TRUE	1	NA	NA	NA	1	5	0	78051.32	78859.305	79442.245	80066.335	80508.135	NA	80636.705	NA	18	80636.79	6594467	115257	6594482	50267.92
FALSE	train	test	nanjing_p_5_test	approach	1	372.98	40	keydown	down_down	TRUE	1	NA	NA	NA	1	6	0	80637.04	81324.04	82106.445	82589.86	83006.355	NA	83041.36	NA	19	83041.455	6594467	115257	6594483	52672.585
FALSE	train	test	liqun_p_5_test	avoid	1	498.575	38	keydown	up_down	TRUE	1	NA	NA	NA	1	7	0	83041.745	83755.18	84271.305	84887.09	85287.43	NA	85407.925	NA	20	85408.01	6594467	115257	6594483	55039.14
FALSE	train	test	liqun_p_5_test	avoid	1	488.4	38	keydown	up_down	TRUE	1	NA	NA	NA	1	8	0	85408.26	85937.385	86452.59	86957.66	87402.145	NA	87464.975	NA	21	87465.055	6594467	115257	6594484	57096.185
FALSE	train	control	yuxi_a_2_control	approach	1	469.22	40	keydown	down_down	TRUE	1	NA	NA	NA	1	9	0	87465.275	87968.355	88900.6	89475.235	89883.395	NA	89916.895	NA	22	89916.99	6594467	115257	6594484	59548.12
FALSE	train	control	zhonghua_a_8_control	avoid	1	399.395	38	keydown	up_down	TRUE	1	NA	NA	NA	1	10	0	89917.29	90799	91515.4	92039.07	92481.045	NA	92547.815	NA	23	92547.89	6594467	115257	6594485	62179.02
FALSE	train	control	nobrand_p_2_control	avoid	1	595.16	38	keydown	up_down	TRUE	1	NA	NA	NA	1	11	0	92548.145	93163.245	93729.735	94429.5	94845.665	NA	94890.595	NA	24	94890.68	6594467	115257	6594486	64521.81
FALSE	train	test	zhonghua_a_6_test	avoid	1	491.13	38	keydown	up_down	TRUE	1	NA	NA	NA	1	12	0	94890.965	95794.9	96743.82	97351.03	97793.13	NA	97857.98	NA	25	97858.055	6594467	115257	6594486	67489.185
FALSE	train	filler	filler_2	approach	1	641.89	40	keydown	down_down	TRUE	1	NA	NA	NA	1	13	0	97858.62	98409.19	99391.375	100059.545	100474.605	NA	100545.215	NA	26	100545.305	6594467	115257	6594487	70176.435
FALSE	train	test	yuxi_a_8_test	avoid	1	415.98	38	keydown	up_down	TRUE	1	NA	NA	NA	1	14	0	100545.565	101540.155	102272.42	102793.635	103205.28	NA	103297.73	NA	27	103297.805	6594467	115257	6594488	72928.935
FALSE	train	filler	filler_3	avoid	1	549.72	38	keydown	up_down	TRUE	1	NA	NA	NA	1	15	0	103298.38	104286.155	104869.975	105440.895	105852.855	NA	105922.635	NA	28	105922.72	6594467	115257	6594488	75553.85
FALSE	train	control	yuxi_a_2_control	approach	1	657.09	40	keydown	down_down	TRUE	1	NA	NA	NA	1	16	0	105922.98	106468.805	107251.05	107924.79	108334.24	NA	108392.865	NA	29	108392.95	6594467	115257	6594489	78024.08
FALSE	train	control	nanjing_p_5_control	avoid	1	456.335	38	keydown	up_down	TRUE	1	NA	NA	NA	1	17	0	108393.18	109083.315	109948.86	110421.855	110864.98	NA	110928.465	NA	30	110928.54	6594467	115257	6594490	80559.67
FALSE	train	test	yuxi_p_4_test	approach	1	512.325	40	keydown	down_down	TRUE	1	NA	NA	NA	1	18	0	110928.82	111547.395	112280.235	112906.035	113313.2	NA	113379.575	NA	31	113379.645	6594467	115257	6594490	83010.775
FALSE	train	test	yuxi_p_4_test	approach	1	443.09	40	keydown	down_down	TRUE	1	NA	NA	NA	1	19	0	113379.89	114045.8	114578.125	115037.915	115444.66	NA	115542.62	NA	32	115542.7	6594467	115257	6594491	85173.83
FALSE	train	test	nobrand_p_2_test	approach	1	409.075	40	keydown	down_down	TRUE	1	NA	NA	NA	1	20	0	115542.925	116276.87	117143.02	117569.05	117992.89	NA	118050.18	NA	33	118050.285	6594467	115257	6594491	87681.415
FALSE	train	test	nanjing_p_5_test	approach	1	558.21	40	keydown	down_down	TRUE	1	NA	NA	NA	1	21	0	118050.585	118858.17	119573.82	120148.685	120574.72	NA	120637.745	NA	34	120637.82	6594467	115257	6594492	90268.95
FALSE	train	control	yuxi_p_4_control	avoid	1	538.39	38	keydown	up_down	TRUE	1	NA	NA	NA	1	22	0	120638.035	121590.375	122254.78	122912.355	123321.365	NA	123420.2	NA	35	123420.28	6594467	115257	6594493	93051.41
FALSE	train	control	nobrand_p_2_control	avoid	1	718.26	38	keydown	up_down	TRUE	1	NA	NA	NA	1	23	0	123420.555	124153.045	124702.81	125438.035	125868.895	NA	125986.66	NA	36	125986.755	6594467	115257	6594493	95617.885
FALSE	train	test	yuxi_p_4_test	approach	2	392.63	38	keydown	up_down	FALSE	1	NA	NA	NA	1	24	0	125986.965	126801.09	127957.265	128316.575	128733.335	NA	128899.17	NA	37	128899.255	6594467	115257	6594494	98530.385
FALSE	train	control	hongshuangxi_a_8_control	avoid	1	539.695	38	keydown	up_down	FALSE	1	NA	NA	NA	1	25	0	128899.495	129432.025	131190.025	131638.84	131796.73	NA	131952.635	NA	38	131952.715	6594467	115257	6594495	101583.845
FALSE	train	control	yuxi_a_2_control	avoid	1	463.11	38	keydown	up_down	TRUE	1	NA	NA	NA	1	26	0	131953.32	132646.09	133311.95	133791.63	134228.27	NA	134305.055	NA	39	134305.145	6594467	115257	6594496	103936.275
FALSE	train	test	yuxi_p_4_test	approach	1	460.85	40	keydown	down_down	TRUE	1	NA	NA	NA	1	27	0	134305.53	135310.24	136242.655	136720.21	137125.695	NA	137181.88	NA	40	137181.97	6594467	115257	6594496	106813.1
FALSE	train	test	zhonghua_a_6_test	approach	1	430.595	40	keydown	down_down	TRUE	1	NA	NA	NA	1	28	0	137182.215	137908.195	138707.07	139154.33	139574.655	NA	139672.07	NA	41	139672.16	6594467	115257	6594497	109303.29
FALSE	train	control	zhonghua_a_8_control	avoid	1	548.605	38	keydown	up_down	TRUE	1	NA	NA	NA	1	29	0	139672.385	140188.85	141121.85	141687.285	142104.71	NA	142239.065	NA	42	142239.15	6594467	115257	6594498	111870.28
FALSE	train	control	yuxi_p_4_control	avoid	1	462.92	38	keydown	up_down	TRUE	1	NA	NA	NA	1	30	0	142239.37	143135.525	144119.19	144598.97	145001.9	NA	145053.36	NA	43	145053.445	6594467	115257	6594498	114684.575
FALSE	train	test	yuxi_a_8_test	approach	1	532.855	40	keydown	down_down	TRUE	1	NA	NA	NA	1	31	0	145053.68	145734.52	146366.665	146916.24	147354.245	NA	147429.8	NA	44	147429.875	6594467	115257	6594499	117061.005
FALSE	train	test	hongshuangxi_a_8_test	approach	1	445.63	40	keydown	down_down	TRUE	1	NA	NA	NA	1	32	0	147430.09	148015.81	148948.35	149530.65	149931.68	NA	150031.185	NA	45	150031.26	6594467	115257	6594499	119662.39
FALSE	train	test	zhonghua_p_7_test	approach	1	613.495	40	keydown	down_down	TRUE	1	NA	NA	NA	1	33	0	150031.555	150846.805	151479.435	152194.81	152595.7	NA	152671.03	NA	46	152671.115	6594467	115257	6594500	122302.245
FALSE	train	control	yuxi_p_4_control	avoid	1	479.475	38	keydown	up_down	TRUE	1	NA	NA	NA	1	34	0	152671.4	153493.36	154360.095	154856.21	155259.815	NA	155329.08	NA	47	155329.155	6594467	115257	6594501	124960.285
FALSE	train	control	liqun_p_5_control	approach	1	427.19	40	keydown	down_down	TRUE	1	NA	NA	NA	1	35	0	155329.365	156143.23	157074.005	157617.765	158024.07	NA	158057.96	NA	48	158058.04	6594467	115257	6594501	127689.17
FALSE	train	test	zhonghua_p_7_test	approach	1	429.235	40	keydown	down_down	TRUE	1	NA	NA	NA	1	36	0	158058.25	158856.465	159821.995	160267.895	160671.7	NA	160725.955	NA	49	160726.04	6594467	115257	6594502	130357.17
FALSE	train	control	yuxi_p_4_control	approach	1	473.63	40	keydown	down_down	TRUE	1	NA	NA	NA	1	37	0	160726.265	161570.88	162353.26	162843.71	163253.025	NA	163323.625	NA	50	163323.715	6594467	115257	6594503	132954.845
FALSE	train	filler	filler_2	approach	1	383.035	40	keydown	down_down	TRUE	1	NA	NA	NA	1	38	0	163323.96	164235.005	164950.975	165360.91	165767.395	NA	165836.465	NA	51	165836.55	6594467	115257	6594503	135467.68
FALSE	train	test	yuxi_a_2_test	avoid	1	502.255	38	keydown	up_down	TRUE	1	NA	NA	NA	1	39	0	165836.795	166500.485	167115.35	167721.125	168131.84	NA	168196.955	NA	52	168197.04	6594467	115257	6594504	137828.17
FALSE	train	control	yuxi_p_4_control	approach	1	474.675	40	keydown	down_down	TRUE	1	NA	NA	NA	1	40	0	168197.31	168897.63	169530.225	170021.565	170430.245	NA	170528.85	NA	53	170528.94	6594467	115257	6594505	140160.07
FALSE	train	control	yuxi_a_8_control	avoid	1	508.66	38	keydown	up_down	TRUE	1	NA	NA	NA	1	41	0	170529.19	171278.97	172111.42	172739.97	173160.695	NA	173193.405	NA	54	173193.49	6594467	115257	6594505	142824.62
FALSE	train	filler	filler_5	approach	1	608.295	40	keydown	down_down	TRUE	1	NA	NA	NA	1	42	0	173193.785	173826.04	174359.65	174995.105	175408.975	NA	175485.94	NA	55	175486.03	6594467	115257	6594506	145117.16
FALSE	train	control	zhonghua_a_8_control	avoid	1	456.725	38	keydown	up_down	TRUE	1	NA	NA	NA	1	43	0	175486.3	176474.41	177156.99	177630.66	178072.955	NA	178096.485	NA	56	178096.56	6594467	115257	6594506	147727.69
FALSE	train	control	liqun_p_5_control	avoid	1	446.92	38	keydown	up_down	TRUE	1	NA	NA	NA	1	44	0	178096.755	178838.945	179837.85	180301.87	180704.185	NA	180742.975	NA	57	180743.055	6594467	115257	6594507	150374.185
FALSE	train	control	yuxi_a_8_control	approach	1	413.575	40	keydown	down_down	TRUE	1	NA	NA	NA	1	45	0	180743.265	181586.64	182501.98	182932.205	183335.38	NA	183397.885	NA	58	183397.96	6594467	115257	6594508	153029.09
FALSE	train	test	zhonghua_a_8_test	avoid	1	390.465	38	keydown	up_down	TRUE	1	NA	NA	NA	1	46	0	183398.195	183967.87	184700.29	185107.405	185566.44	NA	185595.98	NA	59	185596.06	6594467	115257	6594508	155227.19
FALSE	train	control	zhonghua_p_7_control	avoid	1	507.635	38	keydown	up_down	TRUE	1	NA	NA	NA	1	47	0	185596.265	186331.915	187132.105	187757.48	188180.865	NA	188229.995	NA	60	188230.08	6594467	115257	6594509	157861.21
FALSE	train	test	zhonghua_p_7_test	avoid	1	432.645	38	keydown	up_down	TRUE	1	NA	NA	NA	1	48	0	188230.355	188930.985	189679.315	190128.62	190545.7	NA	190635.585	NA	61	190635.7	6594467	115257	6594510	160266.83
FALSE	train	test	liqun_p_5_test	approach	1	426.985	40	keydown	down_down	TRUE	1	NA	NA	NA	1	49	0	190635.905	191343.965	191994.135	192438	192860.945	NA	192989.19	NA	62	192989.265	6594467	115257	6594510	162620.395
FALSE	train	control	zhonghua_a_8_control	approach	1	501.16	40	keydown	down_down	TRUE	1	NA	NA	NA	1	50	0	192989.47	193625.97	194242.29	194759.925	195216.205	NA	195270.155	NA	63	195270.235	6594467	115257	6594511	164901.365
FALSE	train	test	nobrand_p_2_test	avoid	1	496.355	38	keydown	up_down	TRUE	1	NA	NA	NA	1	51	0	195270.475	196256.805	197173.175	197686.23	198105.8	NA	198242.46	NA	64	198242.535	6594467	115257	6594511	167873.665
FALSE	train	test	zhonghua_p_7_test	approach	1	466.415	40	keydown	down_down	TRUE	1	NA	NA	NA	1	52	0	198242.74	199105.565	199620.365	200103.49	200555.585	NA	200565.535	NA	65	200565.615	6594467	115257	6594512	170196.745
FALSE	train	filler	filler_1	approach	1	585.42	40	keydown	down_down	TRUE	1	NA	NA	NA	1	53	0	200565.845	201485.82	202201.425	202811.6	203218.025	NA	203305.62	NA	66	203305.71	6594467	115257	6594513	172936.84
FALSE	train	control	yuxi_a_8_control	approach	1	498.26	40	keydown	down_down	FALSE	1	NA	NA	NA	1	54	0	203305.935	204251.63	205994.22	206404.805	206516.225	NA	206669.855	NA	67	206669.93	6594467	115257	6594514	176301.06
FALSE	train	control	zhonghua_a_8_control	approach	1	403.22	40	keydown	down_down	TRUE	1	NA	NA	NA	1	55	0	206670.155	207197.39	207863.41	208283.675	208696.775	NA	208796.145	NA	68	208796.26	6594467	115257	6594514	178427.39
FALSE	train	control	zhonghua_a_8_control	avoid	1	443.24	38	keydown	up_down	TRUE	1	NA	NA	NA	1	56	0	208796.525	209545.46	210094.755	210554.685	210961	NA	211035.595	NA	69	211035.67	6594467	115257	6594515	180666.8
FALSE	train	test	hongshuangxi_a_8_test	avoid	1	457.75	38	keydown	up_down	TRUE	1	NA	NA	NA	1	57	0	211035.875	211960.085	212875.205	213349.595	213808.425	NA	213889.325	NA	70	213889.44	6594467	115257	6594515	183520.57
FALSE	train	test	zhonghua_a_8_test	approach	1	419.39	40	keydown	down_down	TRUE	1	NA	NA	NA	1	58	0	213889.68	214574.54	215140.335	215576.365	215990.685	NA	216083.835	NA	71	216083.91	6594467	115257	6594516	185715.04
FALSE	train	control	nanjing_p_5_control	approach	1	477.915	40	keydown	down_down	TRUE	1	NA	NA	NA	1	59	0	216084.11	216822.395	217405.3	217998.865	218405.01	NA	218515.375	NA	72	218515.46	6594467	115257	6594517	188146.59
FALSE	train	control	yuxi_a_2_control	approach	1	399.575	40	keydown	down_down	TRUE	1	NA	NA	NA	1	60	0	218515.685	219153.59	219953.045	220369.44	220786.275	NA	220874.515	NA	73	220874.61	6594467	115257	6594517	190505.74
FALSE	train	test	nobrand_p_2_test	avoid	1	463.315	38	keydown	up_down	TRUE	1	NA	NA	NA	1	61	0	220874.85	221401.69	222117.895	222598.08	223017.34	NA	223097.745	NA	74	223097.815	6594467	115257	6594518	192728.945
FALSE	train	test	nanjing_p_5_test	approach	1	384.925	40	keydown	down_down	TRUE	1	NA	NA	NA	1	62	0	223098.035	223683.6	224431.975	224833.54	225249.285	NA	225340.6	NA	75	225340.67	6594467	115257	6594518	194971.8
FALSE	train	test	yuxi_a_2_test	approach	1	424.13	40	keydown	down_down	TRUE	1	NA	NA	NA	1	63	0	225340.91	226047.505	226863.485	227304.27	227730.465	NA	227809.66	NA	76	227809.735	6594467	115257	6594519	197440.865
FALSE	train	control	yuxi_a_8_control	avoid	1	494.25	38	keydown	up_down	TRUE	1	NA	NA	NA	1	64	0	227809.97	228728.155	229577.955	230089.015	230527.34	NA	230609.38	NA	77	230609.46	6594467	115257	6594520	200240.59
FALSE	train	control	liqun_p_5_control	avoid	1	484.91	38	keydown	up_down	TRUE	1	NA	NA	NA	1	65	0	230609.68	231326.49	231925.71	232521.365	232942.01	NA	233030.58	NA	78	233030.65	6594467	115257	6594520	202661.78
FALSE	train	test	zhonghua_a_8_test	avoid	1	420.94	38	keydown	up_down	TRUE	1	NA	NA	NA	1	66	0	233030.855	233724.885	234722.92	235160.51	235600.65	NA	235600.665	NA	79	235600.74	6594467	115257	6594521	205231.87
FALSE	train	test	nanjing_p_5_test	approach	1	419.115	40	keydown	down_down	FALSE	1	NA	NA	NA	1	67	0	235601.025	236572.375	237935.145	238369.045	238420.91	NA	238617.74	NA	80	238617.815	6594467	115257	6594522	208248.945
FALSE	train	test	zhonghua_a_8_test	approach	1	415.21	40	keydown	down_down	TRUE	1	NA	NA	NA	1	68	0	238618.02	239352.27	240151.9	240583.755	240984.845	NA	241089.905	NA	81	241089.99	6594467	115257	6594522	210721.12
FALSE	train	filler	filler_4	approach	1	513.2	40	keydown	down_down	TRUE	1	NA	NA	NA	1	69	0	241090.22	241650.58	242533.39	243071.185	243482.845	NA	243535.005	NA	82	243535.09	6594467	115257	6594523	213166.22
FALSE	train	test	yuxi_a_8_test	avoid	1	574.915	38	keydown	up_down	TRUE	1	NA	NA	NA	1	70	0	243535.365	244248.765	244830.94	245511.825	245913.79	NA	246046.12	NA	83	246046.205	6594467	115257	6594523	215677.335
FALSE	train	test	liqun_p_5_test	avoid	1	436.665	38	keydown	up_down	TRUE	1	NA	NA	NA	1	71	0	246046.425	246828.565	247595.35	248048.64	248478.17	NA	248557.865	NA	84	248557.95	6594467	115257	6594524	218189.08
FALSE	train	control	zhonghua_a_6_control	approach	1	426.42	40	keydown	down_down	TRUE	1	NA	NA	NA	1	72	0	248558.18	249244.15	249859.95	250401.005	250809.78	NA	250908.045	NA	85	250908.12	6594467	115257	6594525	220539.25
FALSE	train	test	zhonghua_a_6_test	avoid	1	373.61	38	keydown	up_down	TRUE	1	NA	NA	NA	1	73	0	250908.33	251625.455	252591.23	253078.9	253490.56	NA	253526.455	NA	86	253526.53	6594467	115257	6594525	223157.66
FALSE	train	control	zhonghua_p_7_control	approach	1	440.235	40	keydown	down_down	TRUE	1	NA	NA	NA	1	74	0	253526.77	254356.685	255238.03	255791.225	256226.16	NA	256277.52	NA	87	256277.655	6594467	115257	6594526	225908.785
FALSE	train	control	nanjing_p_5_control	approach	1	449.36	40	keydown	down_down	TRUE	1	NA	NA	NA	1	75	0	256278.005	256954.09	257553.165	258115.16	258519.5	NA	258583.81	NA	88	258583.88	6594467	115257	6594527	228215.01
FALSE	train	control	yuxi_a_2_control	avoid	1	465.54	38	keydown	up_down	TRUE	1	NA	NA	NA	1	76	0	258584.09	259185.62	259967.7	260449.88	260867.605	NA	261014.38	NA	89	261014.455	6594467	115257	6594527	230645.585
FALSE	train	control	zhonghua_a_6_control	approach	1	400.08	40	keydown	down_down	TRUE	1	NA	NA	NA	1	77	0	261014.655	261916.835	262848.595	263265.315	263681.94	NA	263716.235	NA	90	263716.325	6594467	115257	6594528	233347.455
FALSE	train	test	yuxi_p_4_test	avoid	1	448.845	38	keydown	up_down	TRUE	1	NA	NA	NA	1	78	0	263716.58	264364.21	265329.84	265894.425	266296.03	NA	266397.54	NA	91	266397.62	6594467	115257	6594529	236028.75
FALSE	train	control	yuxi_a_8_control	approach	1	401.18	40	keydown	down_down	TRUE	1	NA	NA	NA	1	79	0	266397.825	267028.6	267944.18	268464.265	268898.375	NA	269012.64	NA	92	269012.76	6594467	115257	6594529	238643.89
FALSE	train	test	yuxi_a_2_test	approach	1	412.125	40	keydown	down_down	TRUE	1	NA	NA	NA	1	80	0	269013.04	269759.68	270558.77	271091.14	271491.75	NA	271596.265	NA	93	271596.34	6594467	115257	6594530	241227.47
FALSE	train	control	hongshuangxi_a_8_control	avoid	1	497.79	38	keydown	up_down	TRUE	1	NA	NA	NA	1	81	0	271596.535	272240.66	273206.63	273825.995	274272.275	NA	274341.81	NA	94	274341.885	6594467	115257	6594531	243973.015
FALSE	train	filler	filler_4	avoid	1	455.095	38	keydown	up_down	TRUE	1	NA	NA	NA	1	82	0	274342.1	275320.84	275820.83	276300.385	276703.49	NA	276811.87	NA	95	276811.955	6594467	115257	6594531	246443.085
FALSE	train	test	zhonghua_a_6_test	approach	1	406.63	40	keydown	down_down	TRUE	1	NA	NA	NA	1	83	0	276812.18	277820.045	278618.4	279041.885	279504.39	NA	279600.185	NA	96	279600.27	6594467	115257	6594532	249231.4
FALSE	train	test	zhonghua_a_6_test	avoid	1	501.365	38	keydown	up_down	TRUE	1	NA	NA	NA	1	84	0	279600.51	280117.21	281083.045	281601.265	282048.825	NA	282104.075	NA	97	282104.155	6594467	115257	6594532	251735.285
FALSE	train	filler	filler_3	approach	1	494.81	40	keydown	down_down	TRUE	1	NA	NA	NA	1	85	0	282104.355	282815.235	283580.235	284091.685	284497.51	NA	284591.045	NA	98	284591.125	6594467	115257	6594533	254222.255
FALSE	train	control	nobrand_p_2_control	avoid	1	464.44	38	keydown	up_down	TRUE	1	NA	NA	NA	1	86	0	284591.345	285497.195	286344.615	286919.03	287360.9	NA	287377.255	NA	99	287377.395	6594467	115257	6594534	257008.525
FALSE	train	control	nobrand_p_2_control	avoid	1	531.685	38	keydown	up_down	TRUE	1	NA	NA	NA	1	87	0	287377.715	288227.73	288792.455	289340.885	289742.23	NA	289792.335	NA	100	289792.41	6594467	115257	6594534	259423.54
FALSE	train	control	yuxi_p_4_control	avoid	1	481.175	38	keydown	up_down	TRUE	1	NA	NA	NA	1	88	0	289792.62	290624.4	291557.165	292157.195	292573.31	NA	292697.285	NA	101	292697.365	6594467	115257	6594535	262328.495
FALSE	train	test	zhonghua_p_7_test	avoid	1	492.42	38	keydown	up_down	TRUE	1	NA	NA	NA	1	89	0	292697.585	293355.415	294254.805	294848.045	295254.245	NA	295306.485	NA	102	295306.565	6594467	115257	6594536	264937.695
FALSE	train	test	nobrand_p_2_test	approach	1	427.285	40	keydown	down_down	TRUE	1	NA	NA	NA	1	90	0	295306.835	296203.675	296968.975	297510.525	297918.69	NA	297976.61	NA	103	297976.7	6594467	115257	6594536	267607.83
FALSE	train	control	zhonghua_a_6_control	approach	1	616.89	40	keydown	down_down	TRUE	1	NA	NA	NA	1	91	0	297977.42	298867.275	299400.41	300034.095	300466.775	NA	300543.82	NA	104	300543.905	6594467	115257	6594537	270175.035
FALSE	train	control	zhonghua_a_8_control	approach	1	434.66	40	keydown	down_down	TRUE	1	NA	NA	NA	1	92	0	300544.135	301231.665	302031.475	302582.31	303020.09	NA	303043.9	NA	105	303043.985	6594467	115257	6594538	272675.115
FALSE	train	test	yuxi_a_8_test	avoid	1	546.605	38	keydown	up_down	TRUE	1	NA	NA	NA	1	93	0	303044.265	303730.165	304645.32	305310.395	305711.74	NA	305821.555	NA	106	305821.63	6594467	115257	6594538	275452.76
FALSE	train	test	yuxi_a_8_test	approach	1	471.485	40	keydown	down_down	TRUE	1	NA	NA	NA	1	94	0	305821.87	306743.045	307309.985	307798.175	308210.445	NA	308212.73	NA	107	308213	6594467	115257	6594539	277844.13
FALSE	train	test	hongshuangxi_a_8_test	approach	1	403.22	40	keydown	down_down	TRUE	1	NA	NA	NA	1	95	0	308213.775	308808.595	309691.105	310227.515	310641.265	NA	310740.285	NA	108	310740.385	6594467	115257	6594540	280371.515
FALSE	train	control	zhonghua_p_7_control	avoid	1	535.295	38	keydown	up_down	TRUE	1	NA	NA	NA	1	96	0	310740.605	311639.77	312472.17	313024.11	313438.435	NA	313558.525	NA	109	313558.605	6594467	115257	6594540	283189.735
FALSE	train	test	yuxi_p_4_test	avoid	1	529.07	38	keydown	up_down	TRUE	1	NA	NA	NA	1	97	0	313558.825	314388.355	315152.72	315698.43	316119.285	NA	316208.155	NA	110	316208.26	6594467	115257	6594541	285839.39
FALSE	train	test	yuxi_a_8_test	approach	1	556.1	40	keydown	down_down	TRUE	1	NA	NA	NA	1	98	0	316208.525	317084.89	317967.34	318540.17	318950.365	NA	318996.04	NA	111	318996.13	6594467	115257	6594542	288627.26
FALSE	train	control	zhonghua_a_6_control	avoid	2	416.615	40	keydown	down_down	FALSE	1	NA	NA	NA	1	99	0	318996.36	319765.91	321292.815	321528.32	322030.62	NA	322171.54	NA	112	322171.625	6594467	115257	6594542	291802.755
FALSE	train	control	nobrand_p_2_control	approach	1	433.745	40	keydown	down_down	TRUE	1	NA	NA	NA	1	100	0	322171.86	322829.97	323812.225	324357.005	324762	NA	324832.71	NA	113	324832.835	6594467	115257	6594543	294463.965
FALSE	train	control	hongshuangxi_a_8_control	avoid	1	530.045	38	keydown	up_down	TRUE	1	NA	NA	NA	1	101	0	324833.04	325777.24	326759.705	327306.595	327725.725	NA	327855.46	NA	114	327855.535	6594467	115257	6594544	297486.665
FALSE	train	control	yuxi_a_8_control	approach	1	427.71	40	keydown	down_down	TRUE	1	NA	NA	NA	1	102	0	327855.745	328508.475	329157.58	329601.96	330024.28	NA	330140.395	NA	115	330140.465	6594467	115257	6594544	299771.595
FALSE	train	test	zhonghua_a_8_test	approach	1	475.825	40	keydown	down_down	TRUE	1	NA	NA	NA	1	103	0	330140.665	330723.005	331705.345	332303.56	332704.985	NA	332772.455	NA	116	332772.53	6594467	115257	6594545	302403.66
FALSE	train	control	nobrand_p_2_control	approach	1	398.77	40	keydown	down_down	TRUE	1	NA	NA	NA	1	104	0	332772.725	333603.87	334219.77	334635.16	335036.475	NA	335111.445	NA	117	335111.52	6594467	115257	6594546	304742.65
FALSE	train	test	zhonghua_a_6_test	avoid	1	575.005	38	keydown	up_down	TRUE	1	NA	NA	NA	1	105	0	335111.725	336001.695	336601.105	337192.765	337633.81	NA	337793.11	NA	118	337793.205	6594467	115257	6594546	307424.335
FALSE	train	test	hongshuangxi_a_8_test	avoid	1	448.375	38	keydown	up_down	TRUE	1	NA	NA	NA	1	106	0	337793.425	338532.95	339481.8	339946.79	340364.87	NA	340495.44	NA	119	340495.545	6594467	115257	6594547	310126.675
FALSE	train	test	zhonghua_p_7_test	approach	1	364.12	40	keydown	down_down	TRUE	1	NA	NA	NA	1	107	0	340495.785	341395.925	342379.215	342760.305	343218.135	NA	343265.8	NA	120	343265.935	6594467	115257	6594548	312897.065
FALSE	train	test	zhonghua_p_7_test	avoid	1	587.275	38	keydown	up_down	TRUE	1	NA	NA	NA	1	108	0	343266.17	344161.51	344826.95	345431.435	345843.235	NA	346000.61	NA	121	346000.685	6594467	115257	6594548	315631.815
FALSE	train	control	zhonghua_p_7_control	approach	1	414.775	40	keydown	down_down	TRUE	1	NA	NA	NA	1	109	0	346000.89	346542.845	347125.095	347556.505	347975.63	NA	348097.895	NA	122	348097.965	6594467	115257	6594549	317729.095
FALSE	train	test	nanjing_p_5_test	avoid	1	493.615	38	keydown	up_down	TRUE	1	NA	NA	NA	1	110	0	348098.17	348905.84	349606.28	350213.32	350655.655	NA	350752.13	NA	123	350752.205	6594467	115257	6594550	320383.335
FALSE	train	control	liqun_p_5_control	avoid	2	546.22	40	keydown	down_down	FALSE	1	NA	NA	NA	1	111	0	350752.405	351672.06	353304.555	353505.385	353969.405	NA	354075.4	NA	124	354075.47	6594467	115257	6594550	323706.6
FALSE	train	control	zhonghua_a_6_control	approach	1	460.66	40	keydown	down_down	TRUE	1	NA	NA	NA	1	112	0	354075.705	354635.515	355417.88	355895.49	356318.165	NA	356434.91	NA	125	356434.98	6594467	115257	6594551	326066.11
FALSE	train	test	zhonghua_a_8_test	avoid	1	505.875	38	keydown	up_down	TRUE	1	NA	NA	NA	1	113	0	356435.185	357149.85	357682.745	358205.41	358648.745	NA	358753.925	NA	126	358754.01	6594467	115257	6594552	328385.14
FALSE	train	filler	filler_5	approach	1	433.955	40	keydown	down_down	TRUE	1	NA	NA	NA	1	114	0	358754.245	359430.605	360113.78	360566.08	360980.29	NA	361034.81	NA	127	361034.905	6594467	115257	6594552	330666.035
FALSE	train	test	nanjing_p_5_test	avoid	2	471.145	40	keydown	down_down	FALSE	1	NA	NA	NA	1	115	0	361035.15	362045.735	363581.135	363817.125	364277.11	NA	364353.24	NA	128	364353.32	6594467	115257	6594553	333984.45
FALSE	train	filler	filler_2	avoid	1	578.755	38	keydown	up_down	TRUE	1	NA	NA	NA	1	116	0	364353.53	364976.735	365509.215	366105.31	366508.45	NA	366621.99	NA	129	366622.09	6594467	115257	6594554	336253.22
FALSE	train	filler	filler_3	approach	2	671.11	38	keydown	up_down	TRUE	2	NA	NA	NA	1	117	0	366622.46	367358.575	368056.88	368744.635	369156.32	369195.455	369754.675	NA	130	369754.775	6594467	115257	6594554	339385.905
FALSE	train	filler	filler_3	approach	1	387.95	40	keydown	down_down	TRUE	1	NA	NA	NA	1	117	1	369754.775	370371.945	370937.635	371342.27	371754.21	369195.455	371824.87	NA	131	371824.94	6594467	115257	6594555	341456.07
FALSE	train	test	hongshuangxi_a_8_test	approach	1	786.985	40	keydown	down_down	TRUE	1	NA	NA	NA	1	118	0	371825.145	372370.51	373118.75	373922.49	374335.735	NA	374381.785	NA	132	374381.915	6594467	115257	6594556	344013.045
FALSE	train	test	nanjing_p_5_test	avoid	1	572.9	38	keydown	up_down	TRUE	1	NA	NA	NA	1	119	0	374382.34	374901.185	375517.39	376107.005	376516.525	NA	376625.105	NA	133	376625.18	6594467	115257	6594556	346256.31
FALSE	train	test	nobrand_p_2_test	approach	1	449.86	40	keydown	down_down	TRUE	1	NA	NA	NA	1	120	0	376625.42	377448.62	378114.915	378581.58	379038.485	NA	379081.795	NA	134	379081.885	6594467	115257	6594557	348713.015
FALSE	train	control	nanjing_p_5_control	avoid	1	368.84	38	keydown	up_down	TRUE	1	NA	NA	NA	1	121	0	379082.62	380063.005	380896.03	381281.61	381695.44	NA	381789.15	NA	135	381789.225	6594467	115257	6594557	351420.355
FALSE	train	test	zhonghua_p_7_test	approach	1	452.08	40	keydown	down_down	TRUE	1	NA	NA	NA	1	122	0	381789.43	382528.395	383393.195	383861.935	384276.88	NA	384358.685	NA	136	384358.77	6594467	115257	6594558	353989.9
FALSE	train	test	hongshuangxi_a_8_test	avoid	1	400.355	38	keydown	up_down	TRUE	1	NA	NA	NA	1	123	0	384358.995	385108.705	386074.46	386491.475	386907.315	NA	386952.52	NA	137	386952.6	6594467	115257	6594559	356583.73
FALSE	train	control	nanjing_p_5_control	approach	1	389.38	40	keydown	down_down	TRUE	1	NA	NA	NA	1	124	0	386952.825	387557.39	388422.185	388828.225	389239.02	NA	389296.775	NA	138	389296.86	6594467	115257	6594559	358927.99
FALSE	train	control	liqun_p_5_control	avoid	1	569.375	38	keydown	up_down	TRUE	1	NA	NA	NA	1	125	0	389297.09	390287.275	391153.73	391739.83	392169.59	NA	392306.96	NA	139	392307.03	6594467	115257	6594560	361938.16
FALSE	train	filler	filler_5	avoid	1	461.47	38	keydown	up_down	TRUE	1	NA	NA	NA	1	126	0	392307.24	393035.49	393950.63	394428.745	394833.725	NA	394890.51	NA	140	394890.59	6594467	115257	6594561	364521.72
FALSE	train	test	nanjing_p_5_test	avoid	1	481.455	38	keydown	up_down	TRUE	1	NA	NA	NA	1	127	0	394890.805	395617.125	396149.02	396647.17	397048.485	NA	397115.66	NA	141	397115.73	6594467	115257	6594561	366746.86
FALSE	train	control	yuxi_p_4_control	approach	1	499.195	40	keydown	down_down	TRUE	1	NA	NA	NA	1	128	0	397115.935	397731.885	398363.755	398975.81	399379.9	NA	399446.105	NA	142	399446.18	6594467	115257	6594562	369077.31
FALSE	train	control	yuxi_a_8_control	avoid	1	417.02	38	keydown	up_down	TRUE	1	NA	NA	NA	1	129	0	399446.38	400228.72	400828.245	401261.925	401677.93	NA	401769.355	NA	143	401769.435	6594467	115257	6594562	371400.565
FALSE	train	control	zhonghua_a_6_control	avoid	1	469.905	38	keydown	up_down	TRUE	1	NA	NA	NA	1	130	0	401769.645	402510.395	403092.91	403579.485	403992.825	NA	404068.815	NA	144	404068.885	6594467	115257	6594563	373700.015
FALSE	train	test	liqun_p_5_test	approach	1	414.09	40	keydown	down_down	TRUE	1	NA	NA	NA	1	131	0	404069.085	404808.395	405757.585	406294.875	406725.93	NA	406757.445	NA	145	406757.54	6594467	115257	6594564	376388.67
FALSE	train	filler	filler_4	approach	1	633.015	40	keydown	down_down	TRUE	1	NA	NA	NA	1	132	0	406757.76	407389.335	407922.065	408573.09	408988.39	NA	409016.715	NA	146	409016.8	6594467	115257	6594564	378647.93
FALSE	train	test	yuxi_a_8_test	approach	1	442.21	40	keydown	down_down	TRUE	1	NA	NA	NA	1	133	0	409017.03	409769.935	410419.65	410974.345	411386.665	NA	411425.31	NA	147	411425.43	6594467	115257	6594565	381056.56
FALSE	train	filler	filler_1	avoid	1	340.715	38	keydown	up_down	TRUE	1	NA	NA	NA	1	134	0	411425.655	412002.17	412750.61	413116.2	413517.365	NA	413596.845	NA	148	413596.92	6594467	115257	6594565	383228.05
FALSE	train	control	yuxi_a_8_control	avoid	1	413.48	38	keydown	up_down	TRUE	1	NA	NA	NA	1	135	0	413597.13	414349.965	415349.055	415779.22	416181.785	NA	416206.435	NA	149	416206.51	6594467	115257	6594566	385837.64
FALSE	train	control	nobrand_p_2_control	approach	1	394.66	40	keydown	down_down	TRUE	1	NA	NA	NA	1	136	0	416206.78	416814.49	417779.875	418191.76	418634.195	NA	418705.055	NA	150	418705.125	6594467	115257	6594567	388336.255
FALSE	train	test	yuxi_p_4_test	approach	1	575.775	40	keydown	down_down	TRUE	1	NA	NA	NA	1	137	0	418705.325	419312.27	420111.405	420703.83	421148.725	NA	421238.195	NA	151	421238.275	6594467	115257	6594567	390869.405
FALSE	train	control	zhonghua_p_7_control	avoid	1	382.625	38	keydown	up_down	TRUE	1	NA	NA	NA	1	138	0	421238.48	422026.405	422992.175	423391.855	423808.59	NA	423912.465	NA	152	423912.545	6594467	115257	6594568	393543.675
FALSE	train	control	zhonghua_p_7_control	avoid	1	445.03	38	keydown	up_down	TRUE	1	NA	NA	NA	1	139	0	423912.75	424807.555	425639.67	426101.335	426506.12	NA	426552.075	NA	153	426552.15	6594467	115257	6594569	396183.28
FALSE	train	test	nanjing_p_5_test	avoid	1	628.945	38	keydown	up_down	TRUE	1	NA	NA	NA	1	140	0	426552.355	427539.015	428437.005	429082.64	429503.75	NA	429675.22	NA	154	429675.295	6594467	115257	6594569	399306.425
FALSE	train	control	nobrand_p_2_control	approach	1	415.78	40	keydown	down_down	TRUE	1	NA	NA	NA	1	141	0	429675.5	430269.25	431235.25	431667.815	432068.58	NA	432131.75	NA	155	432131.835	6594467	115257	6594570	401762.965
FALSE	train	control	hongshuangxi_a_8_control	approach	1	514.555	40	keydown	down_down	TRUE	1	NA	NA	NA	1	142	0	432132.065	432900.11	433499.685	434030.88	434449.76	NA	434499.57	NA	156	434499.655	6594467	115257	6594571	404130.785
FALSE	train	test	yuxi_a_2_test	approach	2	418.095	38	keydown	up_down	FALSE	1	NA	NA	NA	1	143	0	434499.885	435314.69	436390.365	436681.89	437096.935	NA	437220.26	NA	157	437220.335	6594467	115257	6594571	406851.465
FALSE	train	test	yuxi_a_2_test	avoid	1	588.33	38	keydown	up_down	TRUE	1	NA	NA	NA	1	144	0	437220.54	437862.595	438512.16	439117.31	439561.36	NA	439580.82	NA	158	439580.89	6594467	115257	6594572	409212.02
FALSE	train	control	yuxi_a_2_control	approach	1	404.315	40	keydown	down_down	TRUE	1	NA	NA	NA	1	145	0	439581.105	440427.24	441226.04	441754.53	442159.39	NA	442222.795	NA	159	442222.885	6594467	115257	6594572	411854.015
FALSE	train	control	zhonghua_a_6_control	avoid	1	389.055	38	keydown	up_down	TRUE	1	NA	NA	NA	1	146	0	442223.11	442891.905	443490.805	443896.615	444337.11	NA	444337.12	NA	160	444337.205	6594467	115257	6594573	413968.335
FALSE	train	control	zhonghua_a_6_control	avoid	1	472.47	38	keydown	up_down	FALSE	1	NA	NA	NA	1	147	0	444337.47	445173.16	446816.545	447232.735	447337.76	NA	447539.1	NA	161	447539.175	6594467	115257	6594574	417170.305
FALSE	train	control	liqun_p_5_control	approach	1	436.92	40	keydown	down_down	TRUE	1	NA	NA	NA	1	148	0	447539.38	448469.495	449119.36	449572.9	449986.145	NA	450088.715	NA	162	450088.795	6594467	115257	6594574	419719.925
FALSE	train	test	yuxi_a_8_test	approach	2	442.975	38	keydown	up_down	FALSE	1	NA	NA	NA	1	149	0	450089.02	450884.35	452081.465	452311.475	452768.845	NA	452885.27	NA	163	452885.36	6594467	115257	6594575	422516.49
FALSE	train	control	nanjing_p_5_control	approach	1	497.88	40	keydown	down_down	TRUE	1	NA	NA	NA	1	150	0	452885.585	453848.915	454448.215	454962.955	455381.845	NA	455480.345	NA	164	455480.435	6594467	115257	6594576	425111.565
FALSE	train	test	liqun_p_5_test	avoid	1	459.78	38	keydown	up_down	TRUE	1	NA	NA	NA	1	151	0	455480.67	456362.345	457079.23	457652.89	458062.2	NA	458166.385	NA	165	458166.46	6594467	115257	6594576	427797.59
FALSE	train	test	hongshuangxi_a_8_test	avoid	1	454.415	38	keydown	up_down	TRUE	1	NA	NA	NA	1	152	0	458166.655	458895.445	459776.49	460343.94	460792.78	NA	460849.49	NA	166	460849.57	6594467	115257	6594577	430480.7
FALSE	train	test	nobrand_p_2_test	avoid	1	486.255	38	keydown	up_down	TRUE	1	NA	NA	NA	1	153	0	460849.77	461725.8	462307.87	462910.48	463324.17	NA	463389.64	NA	167	463389.725	6594467	115257	6594578	433020.855
FALSE	train	control	zhonghua_p_7_control	approach	1	427.125	40	keydown	down_down	TRUE	1	NA	NA	NA	1	154	0	463389.945	463890.68	464422.73	464866.965	465289.46	NA	465376.565	NA	168	465376.64	6594467	115257	6594578	435007.77
FALSE	train	filler	filler_4	avoid	1	496.56	38	keydown	up_down	TRUE	1	NA	NA	NA	1	155	0	465376.84	466187.915	466737.36	467258.205	467670.135	NA	467729.56	NA	169	467729.635	6594467	115257	6594579	437360.765
FALSE	train	test	zhonghua_a_6_test	approach	1	375.195	40	keydown	down_down	TRUE	1	NA	NA	NA	1	156	0	467729.85	468469.15	469352.04	469744.12	470189.97	NA	470251.69	NA	170	470251.77	6594467	115257	6594579	439882.9
FALSE	train	control	zhonghua_a_8_control	avoid	1	404.04	38	keydown	up_down	TRUE	1	NA	NA	NA	1	157	0	470251.99	470817.3	471633.18	472153.225	472566.295	NA	472641.795	NA	171	472641.875	6594467	115257	6594580	442273.005
FALSE	train	test	zhonghua_a_8_test	approach	1	410.96	40	keydown	down_down	TRUE	1	NA	NA	NA	1	158	0	472642.07	473265.66	473830.715	474357.6	474764.29	NA	474836.11	NA	172	474836.185	6594467	115257	6594581	444467.315
FALSE	train	filler	filler_3	avoid	1	433.185	38	keydown	up_down	TRUE	1	NA	NA	NA	1	159	0	474836.42	475646.185	476562.15	477017.36	477428.485	NA	477437.725	NA	173	477437.815	6594467	115257	6594581	447068.945
FALSE	train	control	zhonghua_p_7_control	approach	1	344.77	40	keydown	down_down	TRUE	1	NA	NA	NA	1	160	0	477438.065	478094.72	478943.16	479304.675	479710.14	NA	479786.37	NA	174	479786.44	6594467	115257	6594582	449417.57
FALSE	train	test	yuxi_p_4_test	avoid	1	448.845	38	keydown	up_down	TRUE	1	NA	NA	NA	1	161	0	479786.685	480409.11	480991.55	481457.05	481907.73	NA	481936.055	NA	175	481936.13	6594467	115257	6594582	451567.26
FALSE	train	control	nanjing_p_5_control	avoid	1	411.805	38	keydown	up_down	TRUE	1	NA	NA	NA	1	162	0	481936.33	482590.71	483505.32	483933.785	484388.9	NA	484440.625	NA	176	484440.71	6594467	115257	6594583	454071.84
FALSE	train	control	zhonghua_p_7_control	approach	1	405.775	40	keydown	down_down	TRUE	1	NA	NA	NA	1	163	0	484440.915	485188.125	485754.06	486176.47	486587.28	NA	486685.925	NA	177	486686.035	6594467	115257	6594584	456317.165
FALSE	train	control	yuxi_a_2_control	avoid	1	483.355	38	keydown	up_down	TRUE	1	NA	NA	NA	1	164	0	486686.68	487519.535	488418.355	488918.32	489351.63	NA	489400.19	NA	178	489400.27	6594467	115257	6594584	459031.4
FALSE	train	test	yuxi_a_2_test	avoid	1	343.75	38	keydown	up_down	TRUE	1	NA	NA	NA	1	165	0	489400.5	489983.165	490783.005	491143.4	491599.25	NA	491632.51	NA	179	491632.6	6594467	115257	6594585	461263.73
FALSE	train	control	hongshuangxi_a_8_control	avoid	1	472.93	38	keydown	up_down	TRUE	1	NA	NA	NA	1	166	0	491632.895	492448.125	493064.25	493554.36	494009.43	NA	494009.43	NA	180	494009.515	6594467	115257	6594585	463640.645
FALSE	train	test	liqun_p_5_test	approach	1	529.555	40	keydown	down_down	TRUE	1	NA	NA	NA	1	167	0	494009.785	494513.41	495512.34	496058.87	496478.67	NA	496561.24	NA	181	496561.335	6594467	115257	6594586	466192.465
FALSE	train	test	yuxi_a_2_test	avoid	1	582.14	38	keydown	up_down	TRUE	1	NA	NA	NA	1	168	0	496561.545	497460.765	498276.81	498875.71	499275.865	NA	499344.485	NA	182	499344.56	6594467	115257	6594587	468975.69
FALSE	train	test	zhonghua_a_6_test	avoid	1	435.59	38	keydown	up_down	TRUE	1	NA	NA	NA	1	169	0	499344.77	500274.725	501140.76	501593.04	502006.965	NA	502040.075	NA	183	502040.19	6594467	115257	6594587	471671.32
FALSE	train	filler	filler_5	avoid	1	455.78	38	keydown	up_down	TRUE	1	NA	NA	NA	1	170	0	502040.43	502755.64	503606.17	504089.755	504504.775	NA	504534.86	NA	184	504534.935	6594467	115257	6594588	474166.065
FALSE	train	filler	filler_2	avoid	1	431.975	38	keydown	up_down	TRUE	1	NA	NA	NA	1	171	0	504535.15	505287.305	506269.485	506718.21	507119.01	NA	507227.49	NA	185	507227.57	6594467	115257	6594589	476858.7
FALSE	train	control	zhonghua_a_8_control	approach	1	502.71	40	keydown	down_down	TRUE	1	NA	NA	NA	1	172	0	507227.785	508034.035	508717.105	509326.11	509733.73	NA	509739.28	NA	186	509739.455	6594467	115257	6594589	479370.585
FALSE	train	test	zhonghua_a_6_test	approach	1	495.245	40	keydown	down_down	TRUE	1	NA	NA	NA	1	173	0	509739.715	510316.245	510998.53	511510.385	511915.08	NA	511957.4	NA	187	511957.77	6594467	115257	6594590	481588.9
FALSE	train	test	yuxi_a_2_test	avoid	1	477.545	38	keydown	up_down	TRUE	1	NA	NA	NA	1	174	0	511957.975	512797.15	513779.64	514273.825	514679.085	NA	514762.6	NA	188	514762.67	6594467	115257	6594591	484393.8
FALSE	train	control	hongshuangxi_a_8_control	approach	1	436.095	40	keydown	down_down	TRUE	1	NA	NA	NA	1	175	0	514762.875	515510.57	516194.18	516646.92	517060.85	NA	517104.89	NA	189	517104.98	6594467	115257	6594591	486736.11
FALSE	train	control	yuxi_a_2_control	approach	1	507.71	40	keydown	down_down	TRUE	1	NA	NA	NA	1	176	0	517105.205	517992.9	518492.185	519016.85	519425.13	NA	519480.42	NA	190	519480.51	6594467	115257	6594592	489111.64
FALSE	train	control	nobrand_p_2_control	avoid	1	393.135	38	keydown	up_down	TRUE	1	NA	NA	NA	1	177	0	519480.755	519990.97	520673.815	521180.395	521589.95	NA	521654.275	NA	191	521654.35	6594467	115257	6594592	491285.48
FALSE	train	test	yuxi_a_2_test	approach	1	481.915	40	keydown	down_down	TRUE	1	NA	NA	NA	1	178	0	521654.56	522489.945	523287.24	523786.665	524187.785	NA	524255.06	NA	192	524255.14	6594467	115257	6594593	493886.27
FALSE	train	test	hongshuangxi_a_8_test	approach	1	517.645	40	keydown	down_down	TRUE	1	NA	NA	NA	1	179	0	524255.345	525186.33	525736.04	526270.505	526721.87	NA	526815.125	NA	193	526815.2	6594467	115257	6594594	496446.33
FALSE	train	test	yuxi_a_8_test	avoid	1	417.7	38	keydown	up_down	TRUE	1	NA	NA	NA	1	180	0	526815.405	527734.33	528550.295	528984.845	529432.81	NA	529461.35	NA	194	529461.435	6594467	115257	6594594	499092.565
FALSE	train	test	zhonghua_p_7_test	avoid	1	568.105	38	keydown	up_down	TRUE	1	NA	NA	NA	1	181	0	529461.665	530132.525	530663.56	531340.565	531747.675	NA	531811.31	NA	195	531811.385	6594467	115257	6594595	501442.515
FALSE	train	control	yuxi_a_8_control	avoid	1	455.84	38	keydown	up_down	TRUE	1	NA	NA	NA	1	182	0	531811.59	532712.125	533612.415	534085.225	534536.37	NA	534536.375	NA	196	534536.455	6594467	115257	6594596	504167.585
FALSE	train	test	nobrand_p_2_test	avoid	1	463.05	38	keydown	up_down	TRUE	1	NA	NA	NA	1	183	0	534536.725	535511.965	536060.185	536539.875	536976.28	NA	537021.275	NA	197	537021.35	6594467	115257	6594596	506652.48
FALSE	train	test	liqun_p_5_test	approach	1	410.43	40	keydown	down_down	TRUE	1	NA	NA	NA	1	184	0	537021.57	537574.965	538475.065	538902.285	539325.26	NA	539474.215	NA	198	539474.35	6594467	115257	6594597	509105.48
FALSE	train	test	zhonghua_a_8_test	avoid	1	605.855	38	keydown	up_down	TRUE	1	NA	NA	NA	1	185	0	539474.815	540290.355	541205.625	541932.22	542338.59	NA	542371.905	NA	199	542371.98	6594467	115257	6594598	512003.11
FALSE	train	control	hongshuangxi_a_8_control	avoid	1	466.34	38	keydown	up_down	TRUE	1	NA	NA	NA	1	186	0	542372.2	542904.52	543420.655	543903.83	544320.08	NA	544370.28	NA	200	544370.355	6594467	115257	6594598	514001.485
FALSE	train	filler	filler_1	avoid	1	451.24	38	keydown	up_down	TRUE	1	NA	NA	NA	1	187	0	544370.6	545085.66	546084.735	546559.905	546967.775	NA	546979.045	NA	201	546979.12	6594467	115257	6594599	516610.25
FALSE	train	control	hongshuangxi_a_8_control	approach	1	447.01	40	keydown	down_down	TRUE	1	NA	NA	NA	1	188	0	546979.33	547900.28	548564.95	549028.655	549432.405	NA	549463.335	NA	202	549463.485	6594467	115257	6594599	519094.615
FALSE	train	test	liqun_p_5_test	approach	1	396.35	40	keydown	down_down	TRUE	1	NA	NA	NA	1	189	0	549463.875	550098.23	550996.95	551409.95	551813.445	NA	551855.085	NA	203	551855.175	6594467	115257	6594600	521486.305
FALSE	train	control	yuxi_p_4_control	approach	1	424.32	40	keydown	down_down	TRUE	1	NA	NA	NA	1	190	0	551855.41	552828.91	553711.54	554240.625	554644.545	NA	554672.13	NA	204	554672.225	6594467	115257	6594601	524303.355
FALSE	train	control	yuxi_p_4_control	approach	1	465.165	40	keydown	down_down	TRUE	1	NA	NA	NA	1	191	0	554672.475	555576.86	556558.59	557040.395	557442.045	NA	557509.38	NA	205	557509.455	6594467	115257	6594601	527140.585
FALSE	train	control	nanjing_p_5_control	avoid	1	394.895	38	keydown	up_down	TRUE	1	NA	NA	NA	1	192	0	557509.665	558174.48	558690.385	559101.905	559539.9	NA	559572.945	NA	206	559573.035	6594467	115257	6594602	529204.165
FALSE	train	test	hongshuangxi_a_8_test	approach	1	586.79	40	keydown	down_down	TRUE	1	NA	NA	NA	1	193	0	559573.27	560354.865	560972.09	561575.68	562005.425	NA	562054.76	NA	207	562054.845	6594467	115257	6594602	531685.975
FALSE	train	control	hongshuangxi_a_8_control	approach	1	563.11	40	keydown	down_down	TRUE	1	NA	NA	NA	1	194	0	562055.08	563019.785	563985.87	564565.815	564969.02	NA	565033.445	NA	208	565033.54	6594467	115257	6594603	534664.67
FALSE	train	test	nobrand_p_2_test	approach	1	555.7	40	keydown	down_down	TRUE	1	NA	NA	NA	1	195	0	565033.765	565950.485	566750.37	567322.845	567733.045	NA	567758.915	NA	209	567759.01	6594467	115257	6594604	537390.14
FALSE	train	control	yuxi_a_2_control	avoid	1	433.02	38	keydown	up_down	TRUE	1	NA	NA	NA	1	196	0	567759.255	568348.87	569047.92	569497.93	569914.88	NA	570045.825	NA	210	570045.905	6594467	115257	6594604	539677.035
FALSE	train	test	yuxi_p_4_test	avoid	1	384.075	38	keydown	up_down	TRUE	1	NA	NA	NA	1	197	0	570046.115	570863.3	571495.945	571896.76	572362	NA	572375.255	NA	211	572375.355	6594467	115257	6594605	542006.485
FALSE	train	control	liqun_p_5_control	approach	1	482.235	40	keydown	down_down	TRUE	1	NA	NA	NA	1	198	0	572375.575	573277.01	573960.45	574559.13	574960.125	NA	574994.275	NA	212	574994.38	6594467	115257	6594606	544625.51
FALSE	train	control	liqun_p_5_control	approach	1	392.465	40	keydown	down_down	TRUE	1	NA	NA	NA	1	199	0	574994.615	575809.03	576774.935	577184.165	577591.4	NA	577657.065	NA	213	577657.165	6594467	115257	6594606	547288.295
